/* Generated by packaging/icons/icon_tools.py - do not edit.
 * Window/taskbar icon embedded as a 32-bit BMP, passed to Aeron
 * through AeronConfig; regenerate after changing the master image. */

static const unsigned char xwa_window_icon_bmp[16506] = {
	0x42, 0x4d, 0x7a, 0x40, 0x00, 0x00, 0x00, 0x00, 0x00, 0x00, 0x7a, 0x00,
	0x00, 0x00, 0x6c, 0x00, 0x00, 0x00, 0x40, 0x00, 0x00, 0x00, 0x40, 0x00,
	0x00, 0x00, 0x01, 0x00, 0x20, 0x00, 0x03, 0x00, 0x00, 0x00, 0x00, 0x40,
	0x00, 0x00, 0x13, 0x0b, 0x00, 0x00, 0x13, 0x0b, 0x00, 0x00, 0x00, 0x00,
	0x00, 0x00, 0x00, 0x00, 0x00, 0x00, 0x00, 0x00, 0xff, 0x00, 0x00, 0xff,
	0x00, 0x00, 0xff, 0x00, 0x00, 0x00, 0x00, 0x00, 0x00, 0xff, 0x42, 0x47,
	0x52, 0x73, 0x00, 0x00, 0x00, 0x00, 0x00, 0x00, 0x00, 0x00, 0x00, 0x00,
	0x00, 0x00, 0x00, 0x00, 0x00, 0x00, 0x00, 0x00, 0x00, 0x00, 0x00, 0x00,
	0x00, 0x00, 0x00, 0x00, 0x00, 0x00, 0x00, 0x00, 0x00, 0x00, 0x00, 0x00,
	0x00, 0x00, 0x00, 0x00, 0x00, 0x00, 0x00, 0x00, 0x00, 0x00, 0x00, 0x00,
	0x00, 0x00, 0x00, 0x00, 0x00, 0x00, 0x00, 0x00, 0x00, 0x00, 0x00, 0x00,
	0x00, 0x00, 0x00, 0x00, 0x00, 0x00, 0x00, 0x00, 0x00, 0x00, 0x00, 0x00,
	0x00, 0x00, 0x4e, 0x51, 0x6a, 0x12, 0x2c, 0x2c, 0x37, 0x6a, 0x22, 0x21,
	0x28, 0xab, 0x1f, 0x1e, 0x22, 0xd3, 0x1d, 0x1b, 0x20, 0xe5, 0x1a, 0x19,
	0x1d, 0xe9, 0x19, 0x18, 0x1c, 0xe8, 0x19, 0x18, 0x1c, 0xe9, 0x1a, 0x18,
	0x1c, 0xe9, 0x1a, 0x19, 0x1c, 0xea, 0x1a, 0x19, 0x1c, 0xeb, 0x1a, 0x19,
	0x1c, 0xec, 0x1a, 0x19, 0x1c, 0xec, 0x19, 0x19, 0x1c, 0xeb, 0x19, 0x19,
	0x1c, 0xeb, 0x1a, 0x19, 0x1d, 0xec, 0x1b, 0x1a, 0x1e, 0xec, 0x1b, 0x19,
	0x1e, 0xeb, 0x1b, 0x1a, 0x1e, 0xec, 0x1c, 0x1a, 0x1f, 0xec, 0x1c, 0x1b,
	0x1f, 0xec, 0x1c, 0x1b, 0x20, 0xec, 0x1c, 0x1b, 0x20, 0xec, 0x1c, 0x1b,
	0x20, 0xec, 0x1c, 0x1c, 0x21, 0xeb, 0x1d, 0x1c, 0x21, 0xec, 0x1d, 0x1c,
	0x21, 0xec, 0x1d, 0x1c, 0x21, 0xeb, 0x1d, 0x1c, 0x21, 0xe9, 0x1d, 0x1c,
	0x21, 0xe9, 0x1d, 0x1c, 0x22, 0xe8, 0x1e, 0x1c, 0x22, 0xe8, 0x1d, 0x1c,
	0x21, 0xe8, 0x1c, 0x1b, 0x20, 0xea, 0x1c, 0x1b, 0x20, 0xe9, 0x1c, 0x1b,
	0x1f, 0xe9, 0x1b, 0x1a, 0x1f, 0xeb, 0x1b, 0x1a, 0x1e, 0xeb, 0x1a, 0x19,
	0x1d, 0xea, 0x1a, 0x19, 0x1d, 0xe9, 0x1b, 0x19, 0x1d, 0xea, 0x1b, 0x1a,
	0x1e, 0xea, 0x1b, 0x1a, 0x1e, 0xea, 0x1b, 0x1a, 0x1d, 0xea, 0x1b, 0x1a,
	0x1e, 0xea, 0x1c, 0x1a, 0x1e, 0xec, 0x1c, 0x1a, 0x1e, 0xec, 0x1c, 0x1a,
	0x1e, 0xe8, 0x1e, 0x1c, 0x20, 0xd6, 0x21, 0x1f, 0x26, 0xb0, 0x2d, 0x2b,
	0x39, 0x6d, 0x52, 0x51, 0x69, 0x15, 0x00, 0x00, 0x00, 0x00, 0x00, 0x00,
	0x00, 0x00, 0x00, 0x00, 0x00, 0x00, 0x00, 0x00, 0x00, 0x00, 0x00, 0x00,
	0x00, 0x00, 0x00, 0x00, 0x00, 0x00, 0x00, 0x00, 0x00, 0x00, 0x00, 0x00,
	0x00, 0x00, 0x00, 0x00, 0x00, 0x00, 0x00, 0x00, 0x00, 0x00, 0x55, 0x5a,
	0x73, 0x09, 0x28, 0x29, 0x34, 0x84, 0x1b, 0x1a, 0x1d, 0xf4, 0x16, 0x13,
	0x13, 0xff, 0x16, 0x14, 0x13, 0xff, 0x17, 0x14, 0x13, 0xff, 0x16, 0x14,
	0x13, 0xff, 0x16, 0x13, 0x13, 0xff, 0x16, 0x13, 0x12, 0xff, 0x15, 0x13,
	0x12, 0xff, 0x15, 0x13, 0x13, 0xff, 0x15, 0x13, 0x13, 0xff, 0x15, 0x13,
	0x13, 0xff, 0x15, 0x13, 0x13, 0xff, 0x15, 0x14, 0x14, 0xff, 0x15, 0x14,
	0x14, 0xff, 0x15, 0x15, 0x14, 0xff, 0x16, 0x15, 0x16, 0xff, 0x17, 0x15,
	0x16, 0xff, 0x17, 0x16, 0x17, 0xff, 0x18, 0x16, 0x17, 0xff, 0x18, 0x16,
	0x18, 0xff, 0x18, 0x16, 0x19, 0xff, 0x18, 0x17, 0x19, 0xff, 0x18, 0x17,
	0x19, 0xff, 0x18, 0x18, 0x1a, 0xff, 0x18, 0x18, 0x1a, 0xff, 0x19, 0x18,
	0x1a, 0xff, 0x19, 0x18, 0x1b, 0xff, 0x1a, 0x18, 0x1b, 0xff, 0x1a, 0x18,
	0x1b, 0xff, 0x19, 0x18, 0x1b, 0xff, 0x19, 0x17, 0x1a, 0xff, 0x18, 0x16,
	0x19, 0xff, 0x17, 0x15, 0x18, 0xff, 0x16, 0x14, 0x16, 0xff, 0x16, 0x14,
	0x15, 0xff, 0x16, 0x14, 0x15, 0xff, 0x16, 0x14, 0x15, 0xff, 0x16, 0x14,
	0x14, 0xff, 0x15, 0x14, 0x14, 0xff, 0x15, 0x14, 0x14, 0xff, 0x15, 0x14,
	0x14, 0xff, 0x15, 0x14, 0x14, 0xff, 0x15, 0x14, 0x14, 0xff, 0x16, 0x14,
	0x13, 0xff, 0x16, 0x14, 0x13, 0xff, 0x16, 0x13, 0x13, 0xff, 0x16, 0x13,
	0x13, 0xff, 0x16, 0x13, 0x13, 0xff, 0x16, 0x13, 0x13, 0xff, 0x16, 0x14,
	0x14, 0xff, 0x17, 0x14, 0x15, 0xff, 0x1f, 0x1c, 0x23, 0xf6, 0x2f, 0x2d,
	0x3a, 0x8a, 0x5c, 0x59, 0x75, 0x09, 0x00, 0x00, 0x00, 0x00, 0x00, 0x00,
	0x00, 0x00, 0x00, 0x00, 0x00, 0x00, 0x00, 0x00, 0x00, 0x00, 0x00, 0x00,
	0x00, 0x00, 0x00, 0x00, 0x00, 0x00, 0x00, 0x00, 0x00, 0x00, 0x3e, 0x41,
	0x52, 0x22, 0x1f, 0x20, 0x27, 0xd3, 0x17, 0x15, 0x15, 0xff, 0x17, 0x15,
	0x14, 0xff, 0x16, 0x16, 0x1f, 0xff, 0x11, 0x12, 0x21, 0xff, 0x0b, 0x0c,
	0x1a, 0xff, 0x08, 0x09, 0x15, 0xff, 0x07, 0x09, 0x13, 0xff, 0x07, 0x09,
	0x15, 0xff, 0x08, 0x09, 0x17, 0xff, 0x08, 0x0a, 0x1a, 0xff, 0x08, 0x0b,
	0x1d, 0xff, 0x08, 0x0c, 0x20, 0xff, 0x09, 0x0d, 0x24, 0xff, 0x09, 0x0d,
	0x27, 0xff, 0x09, 0x0d, 0x2b, 0xff, 0x0a, 0x0f, 0x2e, 0xff, 0x0b, 0x0f,
	0x31, 0xff, 0x0b, 0x10, 0x34, 0xff, 0x0c, 0x10, 0x37, 0xff, 0x0c, 0x11,
	0x39, 0xff, 0x0d, 0x12, 0x3c, 0xff, 0x0e, 0x13, 0x3e, 0xff, 0x0e, 0x13,
	0x40, 0xff, 0x0e, 0x13, 0x43, 0xff, 0x0e, 0x13, 0x45, 0xff, 0x0f, 0x14,
	0x46, 0xff, 0x0e, 0x14, 0x47, 0xff, 0x0e, 0x14, 0x46, 0xff, 0x0f, 0x14,
	0x46, 0xff, 0x0f, 0x13, 0x45, 0xff, 0x0e, 0x12, 0x43, 0xff, 0x0e, 0x12,
	0x41, 0xff, 0x0e, 0x11, 0x3f, 0xff, 0x0d, 0x10, 0x3b, 0xff, 0x0c, 0x10,
	0x37, 0xff, 0x0b, 0x10, 0x33, 0xff, 0x0b, 0x0f, 0x30, 0xff, 0x0a, 0x0e,
	0x2e, 0xff, 0x0a, 0x0d, 0x2b, 0xff, 0x09, 0x0c, 0x29, 0xff, 0x09, 0x0c,
	0x26, 0xff, 0x09, 0x0b, 0x22, 0xff, 0x08, 0x0b, 0x1f, 0xff, 0x08, 0x0a,
	0x1c, 0xff, 0x08, 0x0a, 0x19, 0xff, 0x07, 0x0a, 0x17, 0xff, 0x07, 0x09,
	0x15, 0xff, 0x07, 0x08, 0x13, 0xff, 0x07, 0x09, 0x14, 0xff, 0x0b, 0x0d,
	0x1a, 0xff, 0x12, 0x13, 0x23, 0xff, 0x18, 0x18, 0x23, 0xff, 0x19, 0x16,
	0x16, 0xff, 0x18, 0x16, 0x16, 0xff, 0x23, 0x20, 0x26, 0xd3, 0x42, 0x41,
	0x50, 0x21, 0x00, 0x00, 0x00, 0x00, 0x00, 0x00, 0x00, 0x00, 0x00, 0x00,
	0x00, 0x00, 0x00, 0x00, 0x00, 0x00, 0x00, 0x00, 0x00, 0x00, 0x3b, 0x3f,
	0x54, 0x1e, 0x1c, 0x1c, 0x22, 0xe4, 0x17, 0x16, 0x16, 0xff, 0x18, 0x17,
	0x1a, 0xff, 0x10, 0x12, 0x26, 0xff, 0x06, 0x07, 0x10, 0xff, 0x0a, 0x09,
	0x07, 0xff, 0x0f, 0x0d, 0x0b, 0xff, 0x12, 0x10, 0x0d, 0xff, 0x12, 0x10,
	0x0d, 0xff, 0x12, 0x10, 0x0e, 0xff, 0x12, 0x10, 0x0e, 0xff, 0x12, 0x10,
	0x0e, 0xff, 0x13, 0x10, 0x0f, 0xff, 0x13, 0x11, 0x10, 0xff, 0x13, 0x12,
	0x11, 0xff, 0x14, 0x12, 0x11, 0xff, 0x14, 0x13, 0x12, 0xff, 0x14, 0x13,
	0x13, 0xff, 0x14, 0x14, 0x14, 0xff, 0x14, 0x14, 0x15, 0xff, 0x14, 0x14,
	0x16, 0xff, 0x14, 0x15, 0x16, 0xff, 0x15, 0x15, 0x18, 0xff, 0x15, 0x15,
	0x19, 0xff, 0x15, 0x15, 0x1a, 0xff, 0x16, 0x16, 0x1b, 0xff, 0x16, 0x16,
	0x1b, 0xff, 0x17, 0x16, 0x1c, 0xff, 0x17, 0x16, 0x1d, 0xff, 0x16, 0x16,
	0x1c, 0xff, 0x16, 0x16, 0x1b, 0xff, 0x16, 0x16, 0x1a, 0xff, 0x15, 0x15,
	0x1a, 0xff, 0x15, 0x15, 0x19, 0xff, 0x15, 0x14, 0x17, 0xff, 0x15, 0x14,
	0x17, 0xff, 0x14, 0x13, 0x15, 0xff, 0x14, 0x12, 0x14, 0xff, 0x14, 0x12,
	0x12, 0xff, 0x13, 0x11, 0x11, 0xff, 0x13, 0x11, 0x10, 0xff, 0x13, 0x11,
	0x10, 0xff, 0x13, 0x10, 0x10, 0xff, 0x13, 0x11, 0x0f, 0xff, 0x13, 0x11,
	0x0f, 0xff, 0x12, 0x10, 0x0e, 0xff, 0x12, 0x10, 0x0e, 0xff, 0x12, 0x0f,
	0x0d, 0xff, 0x12, 0x0f, 0x0d, 0xff, 0x12, 0x10, 0x0d, 0xff, 0x12, 0x0f,
	0x0d, 0xff, 0x0f, 0x0d, 0x0c, 0xff, 0x0b, 0x09, 0x08, 0xff, 0x06, 0x07,
	0x10, 0xff, 0x10, 0x12, 0x26, 0xff, 0x17, 0x15, 0x19, 0xff, 0x17, 0x14,
	0x14, 0xff, 0x1e, 0x1c, 0x21, 0xe4, 0x40, 0x41, 0x51, 0x20, 0x00, 0x00,
	0x00, 0x00, 0x00, 0x00, 0x00, 0x00, 0x00, 0x00, 0x00, 0x00, 0x4e, 0x57,
	0x75, 0x06, 0x1e, 0x1e, 0x27, 0xce, 0x16, 0x15, 0x14, 0xff, 0x16, 0x16,
	0x1c, 0xff, 0x0a, 0x0d, 0x1d, 0xff, 0x0a, 0x09, 0x08, 0xff, 0x12, 0x10,
	0x0d, 0xff, 0x11, 0x0f, 0x0d, 0xff, 0x17, 0x14, 0x13, 0xff, 0x12, 0x0f,
	0x0c, 0xff, 0x11, 0x0f, 0x0c, 0xff, 0x11, 0x0f, 0x0c, 0xff, 0x12, 0x0f,
	0x0d, 0xff, 0x12, 0x0f, 0x0d, 0xff, 0x12, 0x0f, 0x0d, 0xff, 0x12, 0x0f,
	0x0e, 0xff, 0x12, 0x0f, 0x0e, 0xff, 0x12, 0x10, 0x0f, 0xff, 0x12, 0x11,
	0x0f, 0xff, 0x12, 0x11, 0x10, 0xff, 0x13, 0x11, 0x11, 0xff, 0x13, 0x11,
	0x11, 0xff, 0x13, 0x12, 0x11, 0xff, 0x13, 0x12, 0x12, 0xff, 0x13, 0x12,
	0x14, 0xff, 0x13, 0x12, 0x15, 0xff, 0x13, 0x13, 0x15, 0xff, 0x13, 0x13,
	0x15, 0xff, 0x14, 0x13, 0x16, 0xff, 0x14, 0x13, 0x16, 0xff, 0x14, 0x13,
	0x16, 0xff, 0x14, 0x13, 0x16, 0xff, 0x13, 0x12, 0x15, 0xff, 0x13, 0x12,
	0x15, 0xff, 0x15, 0x14, 0x17, 0xff, 0x13, 0x11, 0x13, 0xff, 0x13, 0x11,
	0x13, 0xff, 0x13, 0x11, 0x12, 0xff, 0x13, 0x11, 0x11, 0xff, 0x12, 0x10,
	0x10, 0xff, 0x12, 0x10, 0x0f, 0xff, 0x12, 0x0f, 0x0f, 0xff, 0x12, 0x0f,
	0x0e, 0xff, 0x12, 0x0f, 0x0e, 0xff, 0x11, 0x0f, 0x0d, 0xff, 0x11, 0x0f,
	0x0d, 0xff, 0x12, 0x10, 0x0f, 0xff, 0x12, 0x0f, 0x0e, 0xff, 0x11, 0x0f,
	0x0c, 0xff, 0x12, 0x0f, 0x0c, 0xff, 0x12, 0x0f, 0x0d, 0xff, 0x12, 0x0f,
	0x0d, 0xff, 0x12, 0x0f, 0x0d, 0xff, 0x12, 0x0f, 0x0c, 0xff, 0x12, 0x0f,
	0x0c, 0xff, 0x11, 0x0e, 0x0c, 0xff, 0x08, 0x07, 0x06, 0xff, 0x0b, 0x0d,
	0x1c, 0xff, 0x18, 0x17, 0x1c, 0xff, 0x18, 0x16, 0x15, 0xff, 0x26, 0x24,
	0x29, 0xce, 0x5a, 0x5c, 0x76, 0x06, 0x00, 0x00, 0x00, 0x00, 0x00, 0x00,
	0x00, 0x00, 0x28, 0x29, 0x38, 0x7c, 0x15, 0x13, 0x13, 0xff, 0x16, 0x15,
	0x17, 0xff, 0x09, 0x0c, 0x1d, 0xff, 0x0b, 0x0a, 0x09, 0xff, 0x12, 0x0f,
	0x0d, 0xff, 0x12, 0x0f, 0x0d, 0xff, 0x12, 0x0f, 0x0d, 0xff, 0x11, 0x0f,
	0x0d, 0xff, 0x12, 0x0f, 0x0c, 0xff, 0x11, 0x0f, 0x0b, 0xff, 0x11, 0x0f,
	0x0b, 0xff, 0x12, 0x0f, 0x0c, 0xff, 0x12, 0x0f, 0x0c, 0xff, 0x12, 0x0f,
	0x0d, 0xff, 0x12, 0x0f, 0x0d, 0xff, 0x12, 0x10, 0x0f, 0xff, 0x12, 0x0f,
	0x0e, 0xff, 0x14, 0x12, 0x11, 0xff, 0x12, 0x10, 0x0e, 0xff, 0x12, 0x10,
	0x0f, 0xff, 0x12, 0x10, 0x0f, 0xff, 0x12, 0x10, 0x0f, 0xff, 0x13, 0x11,
	0x10, 0xff, 0x12, 0x11, 0x11, 0xff, 0x13, 0x12, 0x12, 0xff, 0x13, 0x11,
	0x12, 0xff, 0x13, 0x11, 0x12, 0xff, 0x13, 0x11, 0x12, 0xff, 0x13, 0x11,
	0x12, 0xff, 0x13, 0x11, 0x12, 0xff, 0x13, 0x11, 0x11, 0xff, 0x13, 0x10,
	0x11, 0xff, 0x13, 0x10, 0x11, 0xff, 0x12, 0x10, 0x11, 0xff, 0x12, 0x10,
	0x10, 0xff, 0x12, 0x10, 0x10, 0xff, 0x12, 0x10, 0x10, 0xff, 0x12, 0x10,
	0x0f, 0xff, 0x12, 0x10, 0x0f, 0xff, 0x12, 0x10, 0x0e, 0xff, 0x12, 0x0f,
	0x0d, 0xff, 0x12, 0x0f, 0x0d, 0xff, 0x12, 0x0f, 0x0d, 0xff, 0x12, 0x0f,
	0x0d, 0xff, 0x11, 0x0f, 0x0c, 0xff, 0x11, 0x0e, 0x0c, 0xff, 0x11, 0x0e,
	0x0c, 0xff, 0x12, 0x0f, 0x0c, 0xff, 0x12, 0x0f, 0x0c, 0xff, 0x12, 0x0f,
	0x0d, 0xff, 0x12, 0x0f, 0x0d, 0xff, 0x12, 0x0f, 0x0c, 0xff, 0x12, 0x0f,
	0x0c, 0xff, 0x11, 0x0f, 0x0c, 0xff, 0x11, 0x0e, 0x0b, 0xff, 0x13, 0x10,
	0x0d, 0xff, 0x0b, 0x0a, 0x08, 0xff, 0x0c, 0x0e, 0x1e, 0xff, 0x1a, 0x18,
	0x1a, 0xff, 0x19, 0x16, 0x16, 0xff, 0x2f, 0x2e, 0x39, 0x79, 0x00, 0x00,
	0x00, 0x00, 0x4a, 0x4e, 0x65, 0x0c, 0x1c, 0x1b, 0x21, 0xef, 0x17, 0x14,
	0x12, 0xff, 0x10, 0x12, 0x24, 0xff, 0x08, 0x07, 0x07, 0xff, 0x11, 0x0e,
	0x0c, 0xff, 0x12, 0x0f, 0x0c, 0xff, 0x12, 0x0f, 0x0c, 0xff, 0x11, 0x0f,
	0x0c, 0xff, 0x11, 0x0f, 0x0c, 0xff, 0x11, 0x0e, 0x0c, 0xff, 0x11, 0x0e,
	0x0b, 0xff, 0x11, 0x0e, 0x0b, 0xff, 0x11, 0x0e, 0x0b, 0xff, 0x11, 0x0f,
	0x0b, 0xff, 0x11, 0x0f, 0x0c, 0xff, 0x11, 0x0f, 0x0c, 0xff, 0x11, 0x0f,
	0x0d, 0xff, 0x12, 0x0e, 0x0d, 0xff, 0x16, 0x13, 0x12, 0xff, 0x11, 0x0f,
	0x0d, 0xff, 0x12, 0x0f, 0x0d, 0xff, 0x12, 0x0f, 0x0d, 0xff, 0x12, 0x0f,
	0x0e, 0xff, 0x12, 0x10, 0x0e, 0xff, 0x12, 0x10, 0x0f, 0xff, 0x14, 0x12,
	0x12, 0xff, 0x12, 0x10, 0x10, 0xff, 0x12, 0x10, 0x0f, 0xff, 0x12, 0x10,
	0x10, 0xff, 0x12, 0x10, 0x0f, 0xff, 0x12, 0x10, 0x0f, 0xff, 0x12, 0x0f,
	0x0e, 0xff, 0x12, 0x0f, 0x0f, 0xff, 0x12, 0x0f, 0x0e, 0xff, 0x12, 0x0f,
	0x0e, 0xff, 0x12, 0x0f, 0x0e, 0xff, 0x12, 0x0f, 0x0f, 0xff, 0x12, 0x10,
	0x10, 0xff, 0x12, 0x0f, 0x0e, 0xff, 0x12, 0x0f, 0x0d, 0xff, 0x12, 0x0f,
	0x0d, 0xff, 0x12, 0x0f, 0x0c, 0xff, 0x12, 0x0f, 0x0c, 0xff, 0x11, 0x0f,
	0x0c, 0xff, 0x13, 0x10, 0x0f, 0xff, 0x11, 0x0f, 0x0c, 0xff, 0x12, 0x0f,
	0x0c, 0xff, 0x12, 0x0f, 0x0c, 0xff, 0x12, 0x0f, 0x0c, 0xff, 0x12, 0x0f,
	0x0c, 0xff, 0x11, 0x0f, 0x0c, 0xff, 0x17, 0x14, 0x14, 0xff, 0x10, 0x0d,
	0x0c, 0xff, 0x11, 0x0e, 0x0b, 0xff, 0x11, 0x0e, 0x0b, 0xff, 0x11, 0x0f,
	0x0c, 0xff, 0x12, 0x0f, 0x0d, 0xff, 0x13, 0x10, 0x0d, 0xff, 0x09, 0x08,
	0x07, 0xff, 0x13, 0x14, 0x26, 0xff, 0x18, 0x16, 0x14, 0xff, 0x1f, 0x1d,
	0x21, 0xed, 0x57, 0x5a, 0x6f, 0x09, 0x2d, 0x2e, 0x3d, 0x5d, 0x16, 0x14,
	0x14, 0xff, 0x17, 0x15, 0x1a, 0xff, 0x06, 0x07, 0x11, 0xff, 0x11, 0x0f,
	0x0d, 0xff, 0x11, 0x0e, 0x0c, 0xff, 0x12, 0x0f, 0x0c, 0xff, 0x12, 0x0f,
	0x0c, 0xff, 0x11, 0x0f, 0x0c, 0xff, 0x11, 0x0e, 0x0c, 0xff, 0x11, 0x0e,
	0x0c, 0xff, 0x11, 0x0e, 0x0b, 0xff, 0x11, 0x0e, 0x0b, 0xff, 0x11, 0x0e,
	0x0b, 0xff, 0x11, 0x0e, 0x0b, 0xff, 0x11, 0x0e, 0x0b, 0xff, 0x11, 0x0f,
	0x0c, 0xff, 0x11, 0x0e, 0x0c, 0xff, 0x12, 0x0f, 0x0c, 0xff, 0x11, 0x0e,
	0x0c, 0xff, 0x11, 0x0e, 0x0c, 0xff, 0x11, 0x0e, 0x0c, 0xff, 0x11, 0x0e,
	0x0c, 0xff, 0x11, 0x0e, 0x0d, 0xff, 0x12, 0x0f, 0x0d, 0xff, 0x12, 0x0f,
	0x0d, 0xff, 0x12, 0x0f, 0x0e, 0xff, 0x12, 0x0f, 0x0e, 0xff, 0x12, 0x0f,
	0x0d, 0xff, 0x12, 0x10, 0x0d, 0xff, 0x12, 0x10, 0x0d, 0xff, 0x12, 0x0f,
	0x0d, 0xff, 0x11, 0x0f, 0x0d, 0xff, 0x12, 0x0f, 0x0d, 0xff, 0x12, 0x0f,
	0x0d, 0xff, 0x12, 0x0f, 0x0d, 0xff, 0x12, 0x0f, 0x0d, 0xff, 0x12, 0x0f,
	0x0d, 0xff, 0x12, 0x0f, 0x0d, 0xff, 0x12, 0x0f, 0x0d, 0xff, 0x11, 0x0f,
	0x0c, 0xff, 0x11, 0x0e, 0x0c, 0xff, 0x11, 0x0e, 0x0b, 0xff, 0x11, 0x0e,
	0x0b, 0xff, 0x11, 0x0f, 0x0b, 0xff, 0x11, 0x0f, 0x0c, 0xff, 0x12, 0x0f,
	0x0c, 0xff, 0x12, 0x0f, 0x0c, 0xff, 0x12, 0x0f, 0x0c, 0xff, 0x12, 0x0f,
	0x0c, 0xff, 0x11, 0x0e, 0x0c, 0xff, 0x11, 0x0e, 0x0c, 0xff, 0x11, 0x0e,
	0x0c, 0xff, 0x10, 0x0d, 0x0c, 0xff, 0x1a, 0x17, 0x16, 0xff, 0x11, 0x0f,
	0x0c, 0xff, 0x12, 0x0f, 0x0c, 0xff, 0x12, 0x0f, 0x0c, 0xff, 0x12, 0x0f,
	0x0d, 0xff, 0x12, 0x0f, 0x0e, 0xff, 0x07, 0x08, 0x11, 0xff, 0x18, 0x16,
	0x1a, 0xff, 0x17, 0x14, 0x14, 0xff, 0x32, 0x32, 0x41, 0x57, 0x22, 0x21,
	0x29, 0xa3, 0x17, 0x15, 0x14, 0xff, 0x13, 0x13, 0x1f, 0xff, 0x09, 0x08,
	0x07, 0xff, 0x12, 0x0f, 0x0d, 0xff, 0x12, 0x0f, 0x0d, 0xff, 0x12, 0x0f,
	0x0d, 0xff, 0x13, 0x0f, 0x0e, 0xff, 0x11, 0x0e, 0x0d, 0xff, 0x15, 0x12,
	0x11, 0xff, 0x14, 0x11, 0x0f, 0xff, 0x11, 0x0e, 0x0c, 0xff, 0x11, 0x0e,
	0x0b, 0xff, 0x11, 0x0e, 0x0b, 0xff, 0x11, 0x0e, 0x0b, 0xff, 0x11, 0x0e,
	0x0b, 0xff, 0x15, 0x12, 0x11, 0xff, 0x11, 0x0e, 0x0c, 0xff, 0x11, 0x0e,
	0x0c, 0xff, 0x12, 0x0e, 0x0b, 0xff, 0x11, 0x0e, 0x0b, 0xff, 0x11, 0x0e,
	0x0b, 0xff, 0x11, 0x0e, 0x0c, 0xff, 0x12, 0x0f, 0x0e, 0xff, 0x11, 0x0e,
	0x0d, 0xff, 0x1e, 0x1b, 0x1a, 0xff, 0x12, 0x0f, 0x0e, 0xff, 0x11, 0x0e,
	0x0c, 0xff, 0x11, 0x0f, 0x0c, 0xff, 0x12, 0x0f, 0x0d, 0xff, 0x12, 0x0f,
	0x0d, 0xff, 0x11, 0x0f, 0x0d, 0xff, 0x17, 0x14, 0x13, 0xff, 0x11, 0x0f,
	0x0c, 0xff, 0x11, 0x0f, 0x0c, 0xff, 0x11, 0x0f, 0x0c, 0xff, 0x12, 0x0f,
	0x0d, 0xff, 0x12, 0x0f, 0x0d, 0xff, 0x11, 0x0f, 0x0d, 0xff, 0x11, 0x0e,
	0x0d, 0xff, 0x11, 0x0e, 0x0c, 0xff, 0x11, 0x0e, 0x0c, 0xff, 0x11, 0x0e,
	0x0c, 0xff, 0x12, 0x0e, 0x0d, 0xff, 0x16, 0x13, 0x11, 0xff, 0x11, 0x0f,
	0x0c, 0xff, 0x11, 0x0f, 0x0c, 0xff, 0x11, 0x0e, 0x0c, 0xff, 0x1a, 0x17,
	0x15, 0xff, 0x11, 0x0e, 0x0c, 0xff, 0x11, 0x0e, 0x0c, 0xff, 0x11, 0x0e,
	0x0c, 0xff, 0x11, 0x0e, 0x0d, 0xff, 0x11, 0x0e, 0x0d, 0xff, 0x11, 0x0e,
	0x0d, 0xff, 0x12, 0x0f, 0x0d, 0xff, 0x12, 0x0f, 0x0c, 0xff, 0x12, 0x0f,
	0x0c, 0xff, 0x12, 0x0f, 0x0c, 0xff, 0x12, 0x0f, 0x0c, 0xff, 0x09, 0x08,
	0x07, 0xff, 0x14, 0x13, 0x1e, 0xff, 0x17, 0x15, 0x13, 0xff, 0x24, 0x23,
	0x2e, 0xa1, 0x1f, 0x1e, 0x25, 0xcc, 0x17, 0x15, 0x14, 0xff, 0x0e, 0x0e,
	0x18, 0xff, 0x0e, 0x0c, 0x0a, 0xff, 0x12, 0x0f, 0x0c, 0xff, 0x12, 0x0f,
	0x0d, 0xff, 0x11, 0x0f, 0x0d, 0xff, 0x12, 0x0f, 0x0d, 0xff, 0x11, 0x0f,
	0x0d, 0xff, 0x12, 0x0f, 0x0e, 0xff, 0x12, 0x0f, 0x0d, 0xff, 0x11, 0x0e,
	0x0c, 0xff, 0x11, 0x0e, 0x0c, 0xff, 0x11, 0x0e, 0x0b, 0xff, 0x11, 0x0e,
	0x0b, 0xff, 0x11, 0x0e, 0x0b, 0xff, 0x13, 0x10, 0x0f, 0xff, 0x11, 0x0e,
	0x0b, 0xff, 0x11, 0x0e, 0x0b, 0xff, 0x11, 0x0e, 0x0b, 0xff, 0x11, 0x0e,
	0x0b, 0xff, 0x11, 0x0e, 0x0b, 0xff, 0x11, 0x0e, 0x0b, 0xff, 0x11, 0x0e,
	0x0c, 0xff, 0x11, 0x0e, 0x0c, 0xff, 0x11, 0x0e, 0x0d, 0xff, 0x11, 0x0e,
	0x0d, 0xff, 0x11, 0x0e, 0x0c, 0xff, 0x11, 0x0f, 0x0c, 0xff, 0x12, 0x0f,
	0x0c, 0xff, 0x12, 0x0f, 0x0d, 0xff, 0x12, 0x0f, 0x0c, 0xff, 0x11, 0x0f,
	0x0c, 0xff, 0x12, 0x0f, 0x0c, 0xff, 0x12, 0x0f, 0x0c, 0xff, 0x11, 0x0f,
	0x0c, 0xff, 0x11, 0x0e, 0x0d, 0xff, 0x11, 0x0e, 0x0d, 0xff, 0x11, 0x0e,
	0x0d, 0xff, 0x11, 0x0e, 0x0d, 0xff, 0x11, 0x0e, 0x0c, 0xff, 0x11, 0x0e,
	0x0c, 0xff, 0x11, 0x0e, 0x0c, 0xff, 0x11, 0x0e, 0x0c, 0xff, 0x12, 0x0f,
	0x0d, 0xff, 0x11, 0x0f, 0x0c, 0xff, 0x11, 0x0e, 0x0c, 0xff, 0x11, 0x0e,
	0x0b, 0xff, 0x10, 0x0e, 0x0d, 0xff, 0x11, 0x0e, 0x0d, 0xff, 0x11, 0x0e,
	0x0c, 0xff, 0x11, 0x0e, 0x0c, 0xff, 0x11, 0x0e, 0x0c, 0xff, 0x12, 0x0e,
	0x0d, 0xff, 0x12, 0x0f, 0x0c, 0xff, 0x12, 0x0f, 0x0c, 0xff, 0x12, 0x0f,
	0x0c, 0xff, 0x12, 0x0f, 0x0c, 0xff, 0x12, 0x0f, 0x0c, 0xff, 0x12, 0x0f,
	0x0c, 0xff, 0x0e, 0x0c, 0x0a, 0xff, 0x0e, 0x0e, 0x18, 0xff, 0x18, 0x15,
	0x14, 0xff, 0x22, 0x20, 0x29, 0xce, 0x1d, 0x1b, 0x24, 0xde, 0x18, 0x15,
	0x14, 0xff, 0x0a, 0x0b, 0x15, 0xff, 0x10, 0x0e, 0x0b, 0xff, 0x12, 0x0f,
	0x0d, 0xff, 0x11, 0x0f, 0x0d, 0xff, 0x1c, 0x19, 0x18, 0xff, 0x12, 0x0f,
	0x0c, 0xff, 0x12, 0x0f, 0x0c, 0xff, 0x12, 0x0f, 0x0e, 0xff, 0x12, 0x0f,
	0x0c, 0xff, 0x12, 0x0f, 0x0c, 0xff, 0x11, 0x0e, 0x0c, 0xff, 0x11, 0x0e,
	0x0c, 0xff, 0x12, 0x0f, 0x0d, 0xff, 0x11, 0x0e, 0x0b, 0xff, 0x11, 0x0e,
	0x0b, 0xff, 0x11, 0x0e, 0x0b, 0xff, 0x11, 0x0e, 0x0b, 0xff, 0x11, 0x0e,
	0x0b, 0xff, 0x11, 0x0e, 0x0b, 0xff, 0x11, 0x0e, 0x0b, 0xff, 0x11, 0x0e,
	0x0b, 0xff, 0x11, 0x0f, 0x0b, 0xff, 0x11, 0x0e, 0x0c, 0xff, 0x11, 0x0e,
	0x0c, 0xff, 0x11, 0x0e, 0x0c, 0xff, 0x12, 0x0e, 0x0c, 0xff, 0x12, 0x0f,
	0x0c, 0xff, 0x12, 0x0f, 0x0c, 0xff, 0x12, 0x0f, 0x0c, 0xff, 0x12, 0x0f,
	0x0c, 0xff, 0x12, 0x0f, 0x0c, 0xff, 0x12, 0x0f, 0x0c, 0xff, 0x11, 0x0f,
	0x0c, 0xff, 0x12, 0x0f, 0x0c, 0xff, 0x13, 0x10, 0x0f, 0xff, 0x12, 0x0f,
	0x0e, 0xff, 0x11, 0x0f, 0x0d, 0xff, 0x11, 0x0e, 0x0d, 0xff, 0x11, 0x0e,
	0x0c, 0xff, 0x1b, 0x19, 0x18, 0xff, 0x12, 0x0f, 0x0c, 0xff, 0x11, 0x0f,
	0x0c, 0xff, 0x12, 0x0e, 0x0c, 0xff, 0x12, 0x0f, 0x0c, 0xff, 0x11, 0x0e,
	0x0c, 0xff, 0x11, 0x0e, 0x0b, 0xff, 0x11, 0x0e, 0x0d, 0xff, 0x13, 0x10,
	0x0f, 0xff, 0x11, 0x0f, 0x0c, 0xff, 0x11, 0x0f, 0x0c, 0xff, 0x12, 0x0f,
	0x0c, 0xff, 0x12, 0x0f, 0x0c, 0xff, 0x12, 0x0f, 0x0c, 0xff, 0x12, 0x0f,
	0x0c, 0xff, 0x12, 0x0f, 0x0c, 0xff, 0x12, 0x0f, 0x0c, 0xff, 0x12, 0x0f,
	0x0c, 0xff, 0x12, 0x10, 0x0e, 0xff, 0x11, 0x0e, 0x0c, 0xff, 0x0b, 0x0b,
	0x14, 0xff, 0x18, 0x15, 0x14, 0xff, 0x20, 0x1e, 0x26, 0xde, 0x1d, 0x1b,
	0x24, 0xe3, 0x18, 0x15, 0x14, 0xff, 0x09, 0x0a, 0x14, 0xff, 0x11, 0x0e,
	0x0d, 0xff, 0x12, 0x0f, 0x0d, 0xff, 0x12, 0x0f, 0x0d, 0xff, 0x12, 0x0f,
	0x0d, 0xff, 0x12, 0x0f, 0x0d, 0xff, 0x12, 0x0f, 0x0d, 0xff, 0x12, 0x0f,
	0x0d, 0xff, 0x12, 0x0f, 0x0d, 0xff, 0x12, 0x0f, 0x0d, 0xff, 0x11, 0x0e,
	0x0c, 0xff, 0x13, 0x10, 0x0f, 0xff, 0x11, 0x0f, 0x0e, 0xff, 0x11, 0x0e,
	0x0c, 0xff, 0x12, 0x0f, 0x0c, 0xff, 0x11, 0x0e, 0x0c, 0xff, 0x11, 0x0e,
	0x0b, 0xff, 0x12, 0x0e, 0x0c, 0xff, 0x12, 0x0f, 0x0d, 0xff, 0x11, 0x0f,
	0x0c, 0xff, 0x11, 0x0f, 0x0c, 0xff, 0x11, 0x0f, 0x0c, 0xff, 0x12, 0x0f,
	0x0c, 0xff, 0x11, 0x0f, 0x0c, 0xff, 0x12, 0x0f, 0x0c, 0xff, 0x12, 0x0f,
	0x0d, 0xff, 0x12, 0x0f, 0x0d, 0xff, 0x12, 0x0f, 0x0d, 0xff, 0x12, 0x0f,
	0x0d, 0xff, 0x11, 0x0f, 0x0d, 0xff, 0x11, 0x0f, 0x0d, 0xff, 0x12, 0x0f,
	0x0d, 0xff, 0x12, 0x0f, 0x0d, 0xff, 0x12, 0x0f, 0x0e, 0xff, 0x12, 0x0f,
	0x0e, 0xff, 0x12, 0x10, 0x0e, 0xff, 0x13, 0x11, 0x0f, 0xff, 0x13, 0x10,
	0x0f, 0xff, 0x11, 0x0f, 0x0d, 0xff, 0x11, 0x0e, 0x0c, 0xff, 0x12, 0x0f,
	0x0c, 0xff, 0x12, 0x0e, 0x0b, 0xff, 0x12, 0x0f, 0x0c, 0xff, 0x12, 0x0f,
	0x0b, 0xff, 0x11, 0x0e, 0x0c, 0xff, 0x11, 0x0f, 0x0c, 0xff, 0x11, 0x0f,
	0x0c, 0xff, 0x12, 0x0f, 0x0d, 0xff, 0x12, 0x0f, 0x0d, 0xff, 0x12, 0x0f,
	0x0d, 0xff, 0x16, 0x13, 0x12, 0xff, 0x12, 0x0f, 0x0d, 0xff, 0x12, 0x0f,
	0x0d, 0xff, 0x12, 0x0f, 0x0d, 0xff, 0x12, 0x0f, 0x0d, 0xff, 0x12, 0x0f,
	0x0d, 0xff, 0x12, 0x0f, 0x0d, 0xff, 0x12, 0x0f, 0x0d, 0xff, 0x12, 0x0f,
	0x0e, 0xff, 0x0a, 0x0a, 0x14, 0xff, 0x18, 0x15, 0x14, 0xff, 0x21, 0x1e,
	0x26, 0xe2, 0x1d, 0x1b, 0x24, 0xe8, 0x18, 0x15, 0x13, 0xff, 0x09, 0x09,
	0x15, 0xff, 0x11, 0x0f, 0x0e, 0xff, 0x12, 0x10, 0x0e, 0xff, 0x12, 0x10,
	0x0e, 0xff, 0x12, 0x10, 0x0e, 0xff, 0x12, 0x10, 0x0e, 0xff, 0x11, 0x0f,
	0x0e, 0xff, 0x12, 0x0f, 0x0f, 0xff, 0x12, 0x0f, 0x0f, 0xff, 0x12, 0x0f,
	0x0e, 0xff, 0x11, 0x0f, 0x0e, 0xff, 0x12, 0x0f, 0x0e, 0xff, 0x12, 0x0f,
	0x0e, 0xff, 0x12, 0x0f, 0x0d, 0xff, 0x12, 0x0f, 0x0d, 0xff, 0x11, 0x0f,
	0x0e, 0xff, 0x13, 0x11, 0x0f, 0xff, 0x12, 0x10, 0x0e, 0xff, 0x12, 0x0f,
	0x0e, 0xff, 0x12, 0x0f, 0x0c, 0xff, 0x12, 0x0f, 0x0c, 0xff, 0x12, 0x0f,
	0x0d, 0xff, 0x12, 0x0f, 0x0d, 0xff, 0x12, 0x0f, 0x0e, 0xff, 0x12, 0x0f,
	0x0f, 0xff, 0x12, 0x0f, 0x0f, 0xff, 0x12, 0x0f, 0x10, 0xff, 0x12, 0x0f,
	0x10, 0xff, 0x12, 0x0f, 0x10, 0xff, 0x11, 0x0f, 0x11, 0xff, 0x11, 0x0f,
	0x10, 0xff, 0x11, 0x0f, 0x10, 0xff, 0x12, 0x0f, 0x11, 0xff, 0x12, 0x0f,
	0x11, 0xff, 0x11, 0x0f, 0x12, 0xff, 0x11, 0x0f, 0x13, 0xff, 0x12, 0x10,
	0x11, 0xff, 0x12, 0x10, 0x0e, 0xff, 0x12, 0x0f, 0x0d, 0xff, 0x12, 0x0f,
	0x0c, 0xff, 0x12, 0x0f, 0x0b, 0xff, 0x12, 0x0f, 0x0b, 0xff, 0x12, 0x0f,
	0x0c, 0xff, 0x12, 0x0f, 0x0c, 0xff, 0x13, 0x11, 0x0f, 0xff, 0x12, 0x0f,
	0x0d, 0xff, 0x12, 0x0f, 0x0e, 0xff, 0x12, 0x0f, 0x0f, 0xff, 0x12, 0x0f,
	0x0f, 0xff, 0x11, 0x0f, 0x10, 0xff, 0x15, 0x13, 0x16, 0xff, 0x11, 0x0f,
	0x11, 0xff, 0x12, 0x0f, 0x10, 0xff, 0x12, 0x10, 0x10, 0xff, 0x12, 0x10,
	0x11, 0xff, 0x12, 0x0f, 0x10, 0xff, 0x13, 0x10, 0x0f, 0xff, 0x12, 0x10,
	0x0e, 0xff, 0x12, 0x0f, 0x0f, 0xff, 0x0a, 0x0a, 0x14, 0xff, 0x18, 0x15,
	0x14, 0xff, 0x21, 0x1e, 0x26, 0xdf, 0x1d, 0x1b, 0x25, 0xe9, 0x18, 0x16,
	0x13, 0xff, 0x09, 0x09, 0x16, 0xff, 0x11, 0x0f, 0x0e, 0xff, 0x12, 0x0f,
	0x0f, 0xff, 0x12, 0x0f, 0x10, 0xff, 0x12, 0x0f, 0x11, 0xff, 0x11, 0x0f,
	0x12, 0xff, 0x11, 0x0f, 0x13, 0xff, 0x10, 0x0f, 0x13, 0xff, 0x12, 0x10,
	0x14, 0xff, 0x11, 0x0e, 0x13, 0xff, 0x15, 0x13, 0x18, 0xff, 0x11, 0x0f,
	0x12, 0xff, 0x12, 0x0f, 0x10, 0xff, 0x12, 0x0f, 0x0f, 0xff, 0x12, 0x0f,
	0x0e, 0xff, 0x12, 0x0f, 0x0d, 0xff, 0x12, 0x0f, 0x0d, 0xff, 0x12, 0x0f,
	0x0d, 0xff, 0x12, 0x0f, 0x0d, 0xff, 0x13, 0x11, 0x10, 0xff, 0x12, 0x0f,
	0x0e, 0xff, 0x13, 0x10, 0x10, 0xff, 0x12, 0x10, 0x0f, 0xff, 0x12, 0x10,
	0x11, 0xff, 0x12, 0x10, 0x14, 0xff, 0x11, 0x0f, 0x13, 0xff, 0x11, 0x0f,
	0x14, 0xff, 0x11, 0x0f, 0x14, 0xff, 0x11, 0x0f, 0x15, 0xff, 0x10, 0x0f,
	0x16, 0xff, 0x10, 0x0f, 0x16, 0xff, 0x11, 0x0f, 0x15, 0xff, 0x11, 0x0f,
	0x15, 0xff, 0x11, 0x0f, 0x16, 0xff, 0x12, 0x10, 0x16, 0xff, 0x12, 0x10,
	0x16, 0xff, 0x12, 0x10, 0x13, 0xff, 0x12, 0x0f, 0x0f, 0xff, 0x12, 0x10,
	0x0d, 0xff, 0x12, 0x0f, 0x0c, 0xff, 0x12, 0x0f, 0x0c, 0xff, 0x12, 0x0f,
	0x0c, 0xff, 0x12, 0x0f, 0x0c, 0xff, 0x12, 0x0f, 0x0d, 0xff, 0x12, 0x0f,
	0x0e, 0xff, 0x12, 0x0f, 0x0f, 0xff, 0x12, 0x0f, 0x10, 0xff, 0x12, 0x0f,
	0x11, 0xff, 0x11, 0x0f, 0x14, 0xff, 0x11, 0x0f, 0x15, 0xff, 0x10, 0x0f,
	0x15, 0xff, 0x11, 0x10, 0x17, 0xff, 0x11, 0x10, 0x16, 0xff, 0x11, 0x0f,
	0x16, 0xff, 0x11, 0x10, 0x17, 0xff, 0x1c, 0x1a, 0x1f, 0xff, 0x12, 0x10,
	0x13, 0xff, 0x12, 0x10, 0x11, 0xff, 0x12, 0x0f, 0x10, 0xff, 0x0a, 0x0a,
	0x15, 0xff, 0x18, 0x15, 0x13, 0xff, 0x20, 0x1d, 0x25, 0xe0, 0x1e, 0x1c,
	0x26, 0xe9, 0x19, 0x16, 0x14, 0xff, 0x09, 0x09, 0x19, 0xff, 0x11, 0x0f,
	0x0f, 0xff, 0x11, 0x0f, 0x12, 0xff, 0x12, 0x11, 0x16, 0xff, 0x11, 0x0f,
	0x17, 0xff, 0x11, 0x0f, 0x19, 0xff, 0x10, 0x0f, 0x1a, 0xff, 0x10, 0x0f,
	0x1b, 0xff, 0x11, 0x10, 0x1e, 0xff, 0x10, 0x0f, 0x1b, 0xff, 0x10, 0x0f,
	0x19, 0xff, 0x12, 0x10, 0x19, 0xff, 0x11, 0x0f, 0x15, 0xff, 0x11, 0x0f,
	0x13, 0xff, 0x11, 0x0f, 0x11, 0xff, 0x12, 0x0f, 0x0f, 0xff, 0x12, 0x0f,
	0x0e, 0xff, 0x12, 0x0f, 0x0d, 0xff, 0x12, 0x0f, 0x0e, 0xff, 0x12, 0x0f,
	0x0f, 0xff, 0x12, 0x0f, 0x0f, 0xff, 0x12, 0x10, 0x10, 0xff, 0x12, 0x10,
	0x11, 0xff, 0x12, 0x10, 0x14, 0xff, 0x11, 0x10, 0x18, 0xff, 0x14, 0x12,
	0x1f, 0xff, 0x11, 0x0f, 0x1d, 0xff, 0x12, 0x11, 0x22, 0xff, 0x10, 0x0f,
	0x21, 0xff, 0x10, 0x0f, 0x21, 0xff, 0x10, 0x0f, 0x1f, 0xff, 0x11, 0x10,
	0x20, 0xff, 0x11, 0x10, 0x21, 0xff, 0x11, 0x10, 0x21, 0xff, 0x17, 0x16,
	0x26, 0xff, 0x12, 0x11, 0x25, 0xff, 0x11, 0x10, 0x15, 0xff, 0x11, 0x10,
	0x11, 0xff, 0x12, 0x10, 0x0e, 0xff, 0x12, 0x10, 0x0d, 0xff, 0x12, 0x10,
	0x0d, 0xff, 0x12, 0x10, 0x0d, 0xff, 0x13, 0x10, 0x0e, 0xff, 0x17, 0x15,
	0x14, 0xff, 0x11, 0x0f, 0x10, 0xff, 0x11, 0x0f, 0x12, 0xff, 0x11, 0x0f,
	0x14, 0xff, 0x15, 0x13, 0x1b, 0xff, 0x11, 0x0f, 0x1b, 0xff, 0x10, 0x0f,
	0x1e, 0xff, 0x10, 0x0f, 0x20, 0xff, 0x10, 0x0f, 0x21, 0xff, 0x0f, 0x0f,
	0x22, 0xff, 0x10, 0x10, 0x21, 0xff, 0x11, 0x10, 0x21, 0xff, 0x11, 0x10,
	0x1e, 0xff, 0x12, 0x11, 0x18, 0xff, 0x12, 0x11, 0x15, 0xff, 0x11, 0x10,
	0x12, 0xff, 0x0a, 0x0a, 0x16, 0xff, 0x17, 0x15, 0x13, 0xff, 0x20, 0x1d,
	0x26, 0xe2, 0x1f, 0x1d, 0x27, 0xe9, 0x19, 0x16, 0x14, 0xff, 0x08, 0x09,
	0x1b, 0xff, 0x11, 0x0f, 0x12, 0xff, 0x17, 0x16, 0x1b, 0xff, 0x10, 0x0f,
	0x1a, 0xff, 0x11, 0x10, 0x1e, 0xff, 0x11, 0x10, 0x23, 0xff, 0x11, 0x10,
	0x25, 0xff, 0x10, 0x0f, 0x28, 0xff, 0x10, 0x0f, 0x28, 0xff, 0x10, 0x0f,
	0x26, 0xff, 0x10, 0x0f, 0x24, 0xff, 0x10, 0x0f, 0x23, 0xff, 0x10, 0x0f,
	0x1e, 0xff, 0x11, 0x0f, 0x19, 0xff, 0x13, 0x11, 0x19, 0xff, 0x11, 0x0f,
	0x13, 0xff, 0x12, 0x0f, 0x10, 0xff, 0x12, 0x0f, 0x0f, 0xff, 0x12, 0x0f,
	0x0e, 0xff, 0x12, 0x0f, 0x0f, 0xff, 0x12, 0x0f, 0x10, 0xff, 0x12, 0x10,
	0x12, 0xff, 0x12, 0x10, 0x15, 0xff, 0x12, 0x10, 0x1a, 0xff, 0x11, 0x10,
	0x21, 0xff, 0x11, 0x0f, 0x29, 0xff, 0x11, 0x10, 0x2e, 0xff, 0x11, 0x10,
	0x34, 0xff, 0x10, 0x10, 0x35, 0xff, 0x11, 0x10, 0x31, 0xff, 0x11, 0x11,
	0x2f, 0xff, 0x12, 0x12, 0x33, 0xff, 0x12, 0x12, 0x3c, 0xff, 0x13, 0x13,
	0x3f, 0xff, 0x12, 0x12, 0x5e, 0xff, 0x12, 0x12, 0x24, 0xff, 0x11, 0x0f,
	0x17, 0xff, 0x11, 0x0f, 0x13, 0xff, 0x12, 0x10, 0x0f, 0xff, 0x13, 0x10,
	0x0e, 0xff, 0x13, 0x10, 0x0e, 0xff, 0x13, 0x10, 0x0e, 0xff, 0x13, 0x10,
	0x10, 0xff, 0x12, 0x10, 0x12, 0xff, 0x11, 0x10, 0x14, 0xff, 0x11, 0x10,
	0x17, 0xff, 0x11, 0x0f, 0x1c, 0xff, 0x11, 0x0f, 0x22, 0xff, 0x10, 0x0f,
	0x28, 0xff, 0x10, 0x0f, 0x2a, 0xff, 0x11, 0x0f, 0x2f, 0xff, 0x11, 0x10,
	0x32, 0xff, 0x11, 0x10, 0x35, 0xff, 0x12, 0x11, 0x36, 0xff, 0x12, 0x12,
	0x39, 0xff, 0x11, 0x11, 0x2e, 0xff, 0x12, 0x11, 0x20, 0xff, 0x12, 0x11,
	0x19, 0xff, 0x11, 0x10, 0x15, 0xff, 0x09, 0x0a, 0x18, 0xff, 0x17, 0x15,
	0x13, 0xff, 0x21, 0x1f, 0x28, 0xe3, 0x1f, 0x1e, 0x28, 0xea, 0x1a, 0x17,
	0x16, 0xff, 0x09, 0x09, 0x1e, 0xff, 0x11, 0x0f, 0x15, 0xff, 0x11, 0x10,
	0x1b, 0xff, 0x12, 0x11, 0x21, 0xff, 0x12, 0x11, 0x2c, 0xff, 0x12, 0x11,
	0x3b, 0xff, 0x11, 0x11, 0x44, 0xff, 0x11, 0x11, 0x4a, 0xff, 0x11, 0x11,
	0x42, 0xff, 0x11, 0x10, 0x3d, 0xff, 0x10, 0x10, 0x3a, 0xff, 0x10, 0x0f,
	0x38, 0xff, 0x11, 0x10, 0x2c, 0xff, 0x11, 0x10, 0x23, 0xff, 0x11, 0x0f,
	0x1d, 0xff, 0x11, 0x0f, 0x18, 0xff, 0x18, 0x16, 0x1a, 0xff, 0x12, 0x0f,
	0x11, 0xff, 0x13, 0x10, 0x11, 0xff, 0x13, 0x10, 0x13, 0xff, 0x12, 0x10,
	0x13, 0xff, 0x12, 0x10, 0x16, 0xff, 0x12, 0x10, 0x1a, 0xff, 0x19, 0x17,
	0x2a, 0xff, 0x11, 0x10, 0x2d, 0xff, 0x12, 0x10, 0x3d, 0xff, 0x12, 0x11,
	0x4e, 0xff, 0x12, 0x12, 0x57, 0xff, 0x11, 0x13, 0x5f, 0xff, 0x11, 0x13,
	0x68, 0xff, 0x12, 0x14, 0x71, 0xff, 0x11, 0x14, 0x82, 0xff, 0x10, 0x15,
	0xa8, 0xff, 0x11, 0x19, 0xa9, 0xff, 0x11, 0x14, 0x66, 0xff, 0x12, 0x11,
	0x27, 0xff, 0x11, 0x10, 0x1b, 0xff, 0x13, 0x11, 0x17, 0xff, 0x12, 0x10,
	0x11, 0xff, 0x13, 0x10, 0x0f, 0xff, 0x13, 0x10, 0x0f, 0xff, 0x12, 0x10,
	0x0f, 0xff, 0x12, 0x10, 0x11, 0xff, 0x12, 0x10, 0x14, 0xff, 0x12, 0x10,
	0x18, 0xff, 0x12, 0x10, 0x1f, 0xff, 0x16, 0x15, 0x2e, 0xff, 0x11, 0x10,
	0x33, 0xff, 0x11, 0x10, 0x3d, 0xff, 0x11, 0x11, 0x43, 0xff, 0x11, 0x11,
	0x4a, 0xff, 0x12, 0x12, 0x59, 0xff, 0x12, 0x14, 0x6a, 0xff, 0x13, 0x16,
	0x79, 0xff, 0x12, 0x15, 0x80, 0xff, 0x12, 0x12, 0x40, 0xff, 0x13, 0x11,
	0x25, 0xff, 0x12, 0x10, 0x1c, 0xff, 0x11, 0x0f, 0x17, 0xff, 0x09, 0x0a,
	0x1c, 0xff, 0x19, 0x16, 0x15, 0xff, 0x22, 0x20, 0x2b, 0xe4, 0x20, 0x1e,
	0x2a, 0xea, 0x1a, 0x18, 0x16, 0xff, 0x08, 0x09, 0x23, 0xff, 0x11, 0x10,
	0x18, 0xff, 0x12, 0x11, 0x1e, 0xff, 0x13, 0x12, 0x29, 0xff, 0x13, 0x13,
	0x4c, 0xff, 0x11, 0x11, 0x94, 0xff, 0x11, 0x16, 0xb6, 0xff, 0x10, 0x14,
	0xb3, 0xff, 0x0f, 0x11, 0x9c, 0xff, 0x0f, 0x10, 0x92, 0xff, 0x0e, 0x10,
	0x91, 0xff, 0x0e, 0x10, 0x8e, 0xff, 0x0f, 0x10, 0x62, 0xff, 0x11, 0x0f,
	0x36, 0xff, 0x13, 0x11, 0x27, 0xff, 0x11, 0x10, 0x1e, 0xff, 0x12, 0x10,
	0x18, 0xff, 0x12, 0x10, 0x15, 0xff, 0x13, 0x10, 0x14, 0xff, 0x12, 0x10,
	0x15, 0xff, 0x12, 0x10, 0x17, 0xff, 0x12, 0x10, 0x1b, 0xff, 0x12, 0x0f,
	0x21, 0xff, 0x11, 0x0f, 0x2e, 0xff, 0x12, 0x10, 0x43, 0xff, 0x11, 0x11,
	0x7c, 0xff, 0x12, 0x17, 0xab, 0xff, 0x13, 0x1d, 0xc0, 0xff, 0x14, 0x23,
	0xd2, 0xff, 0x15, 0x28, 0xe0, 0xff, 0x18, 0x33, 0xe8, 0xff, 0x24, 0x53,
	0xf1, 0xff, 0x25, 0x59, 0xf5, 0xff, 0x18, 0x3b, 0xe4, 0xff, 0x12, 0x13,
	0x56, 0xff, 0x12, 0x11, 0x2b, 0xff, 0x12, 0x10, 0x1e, 0xff, 0x12, 0x10,
	0x17, 0xff, 0x13, 0x10, 0x13, 0xff, 0x13, 0x10, 0x11, 0xff, 0x13, 0x10,
	0x10, 0xff, 0x13, 0x10, 0x11, 0xff, 0x12, 0x10, 0x13, 0xff, 0x12, 0x10,
	0x18, 0xff, 0x11, 0x10, 0x1f, 0xff, 0x12, 0x10, 0x28, 0xff, 0x12, 0x11,
	0x39, 0xff, 0x12, 0x13, 0x67, 0xff, 0x11, 0x14, 0x92, 0xff, 0x10, 0x15,
	0xa0, 0xff, 0x11, 0x17, 0xac, 0xff, 0x12, 0x18, 0xbb, 0xff, 0x16, 0x27,
	0xd1, 0xff, 0x1d, 0x40, 0xe9, 0xff, 0x15, 0x29, 0xd2, 0xff, 0x11, 0x13,
	0x66, 0xff, 0x17, 0x16, 0x30, 0xff, 0x12, 0x10, 0x1e, 0xff, 0x10, 0x0f,
	0x18, 0xff, 0x09, 0x0a, 0x1f, 0xff, 0x1a, 0x17, 0x16, 0xff, 0x23, 0x21,
	0x2d, 0xe4, 0x20, 0x1f, 0x2b, 0xeb, 0x1b, 0x18, 0x18, 0xff, 0x08, 0x09,
	0x26, 0xff, 0x12, 0x11, 0x18, 0xff, 0x13, 0x12, 0x20, 0xff, 0x14, 0x13,
	0x2e, 0xff, 0x13, 0x13, 0x6b, 0xff, 0x55, 0x6d, 0xeb, 0xff, 0xa9, 0xcd,
	0xf7, 0xff, 0x82, 0xa9, 0xf3, 0xff, 0x7e, 0xa0, 0xee, 0xff, 0x7b, 0x99,
	0xeb, 0xff, 0x78, 0x97, 0xea, 0xff, 0x7b, 0x9b, 0xec, 0xff, 0x3e, 0x4c,
	0xce, 0xff, 0x0f, 0x10, 0x6f, 0xff, 0x11, 0x10, 0x3c, 0xff, 0x11, 0x10,
	0x28, 0xff, 0x13, 0x12, 0x20, 0xff, 0x12, 0x10, 0x19, 0xff, 0x12, 0x10,
	0x17, 0xff, 0x12, 0x10, 0x18, 0xff, 0x12, 0x10, 0x1b, 0xff, 0x12, 0x10,
	0x20, 0xff, 0x12, 0x10, 0x2c, 0xff, 0x12, 0x11, 0x45, 0xff, 0x11, 0x12,
	0x82, 0xff, 0x3e, 0x4c, 0xd2, 0xff, 0x9a, 0xbd, 0xf4, 0xff, 0x9d, 0xc7,
	0xf8, 0xff, 0xa0, 0xcb, 0xfa, 0xff, 0xb0, 0xd7, 0xfd, 0xff, 0xc9, 0xeb,
	0xfe, 0xff, 0xee, 0xfb, 0xfe, 0xff, 0xb3, 0xd7, 0xfe, 0xff, 0x11, 0x22,
	0xc5, 0xff, 0x12, 0x12, 0x4b, 0xff, 0x12, 0x10, 0x2b, 0xff, 0x12, 0x10,
	0x1f, 0xff, 0x12, 0x10, 0x18, 0xff, 0x13, 0x10, 0x15, 0xff, 0x13, 0x10,
	0x13, 0xff, 0x13, 0x10, 0x14, 0xff, 0x13, 0x10, 0x15, 0xff, 0x15, 0x12,
	0x1b, 0xff, 0x11, 0x10, 0x20, 0xff, 0x11, 0x10, 0x28, 0xff, 0x12, 0x10,
	0x32, 0xff, 0x12, 0x12, 0x59, 0xff, 0x24, 0x2f, 0xc2, 0xff, 0x86, 0xa7,
	0xec, 0xff, 0x82, 0xa1, 0xed, 0xff, 0x8d, 0xac, 0xf0, 0xff, 0x93, 0xb9,
	0xf6, 0xff, 0xb0, 0xe0, 0xfd, 0xff, 0xe1, 0xf6, 0xfe, 0xff, 0x5b, 0x8c,
	0xf7, 0xff, 0x10, 0x13, 0x8e, 0xff, 0x17, 0x16, 0x3b, 0xff, 0x12, 0x11,
	0x22, 0xff, 0x11, 0x10, 0x1a, 0xff, 0x09, 0x09, 0x21, 0xff, 0x1a, 0x17,
	0x16, 0xff, 0x25, 0x23, 0x30, 0xe7, 0x21, 0x20, 0x2c, 0xeb, 0x1c, 0x19,
	0x18, 0xff, 0x08, 0x09, 0x29, 0xff, 0x12, 0x11, 0x17, 0xff, 0x13, 0x12,
	0x1f, 0xff, 0x14, 0x13, 0x2a, 0xff, 0x14, 0x13, 0x57, 0xff, 0x15, 0x1b,
	0xdd, 0xff, 0x9c, 0xc2, 0xf9, 0xff, 0x1c, 0x2d, 0xec, 0xff, 0x0f, 0x13,
	0xbd, 0xff, 0x0e, 0x10, 0xa2, 0xff, 0x0f, 0x10, 0x9d, 0xff, 0x11, 0x14,
	0xc0, 0xff, 0x90, 0xa7, 0xf0, 0xff, 0x22, 0x2a, 0xcd, 0xff, 0x0f, 0x0f,
	0x61, 0xff, 0x10, 0x0f, 0x35, 0xff, 0x12, 0x11, 0x26, 0xff, 0x12, 0x10,
	0x1d, 0xff, 0x12, 0x11, 0x1c, 0xff, 0x12, 0x11, 0x1d, 0xff, 0x12, 0x11,
	0x21, 0xff, 0x12, 0x10, 0x29, 0xff, 0x16, 0x15, 0x3f, 0xff, 0x12, 0x12,
	0x73, 0xff, 0x26, 0x2e, 0xd7, 0xff, 0x94, 0xad, 0xf3, 0xff, 0x12, 0x18,
	0xd9, 0xff, 0x0f, 0x12, 0xd0, 0xff, 0x0e, 0x13, 0xd8, 0xff, 0x15, 0x2e,
	0xf6, 0xff, 0x3e, 0xa7, 0xfd, 0xff, 0xe5, 0xf8, 0xfe, 0xff, 0x39, 0x6a,
	0xfb, 0xff, 0x10, 0x17, 0xae, 0xff, 0x12, 0x12, 0x46, 0xff, 0x12, 0x10,
	0x2c, 0xff, 0x11, 0x10, 0x23, 0xff, 0x15, 0x13, 0x20, 0xff, 0x12, 0x10,
	0x18, 0xff, 0x12, 0x10, 0x17, 0xff, 0x13, 0x10, 0x18, 0xff, 0x12, 0x10,
	0x1b, 0xff, 0x12, 0x10, 0x21, 0xff, 0x12, 0x10, 0x29, 0xff, 0x12, 0x10,
	0x33, 0xff, 0x12, 0x11, 0x46, 0xff, 0x12, 0x14, 0x93, 0xff, 0x74, 0x90,
	0xe8, 0xff, 0x20, 0x28, 0xd5, 0xff, 0x0e, 0x12, 0xbc, 0xff, 0x10, 0x18,
	0xc4, 0xff, 0x13, 0x21, 0xe0, 0xff, 0x3d, 0x92, 0xfb, 0xff, 0xde, 0xf6,
	0xfe, 0xff, 0x21, 0x46, 0xea, 0xff, 0x12, 0x13, 0x6c, 0xff, 0x13, 0x12,
	0x32, 0xff, 0x13, 0x11, 0x22, 0xff, 0x11, 0x10, 0x1b, 0xff, 0x0a, 0x0a,
	0x26, 0xff, 0x1c, 0x19, 0x17, 0xff, 0x26, 0x24, 0x31, 0xe6, 0x22, 0x21,
	0x2c, 0xeb, 0x1c, 0x19, 0x19, 0xff, 0x08, 0x09, 0x2c, 0xff, 0x12, 0x11,
	0x16, 0xff, 0x14, 0x12, 0x1c, 0xff, 0x14, 0x13, 0x26, 0xff, 0x14, 0x13,
	0x3d, 0xff, 0x12, 0x13, 0x8f, 0xff, 0x2b, 0x39, 0xe8, 0xff, 0x80, 0x9f,
	0xf0, 0xff, 0x0f, 0x12, 0xb5, 0xff, 0x10, 0x11, 0x6c, 0xff, 0x11, 0x12,
	0x5a, 0xff, 0x12, 0x14, 0x75, 0xff, 0x23, 0x29, 0xd1, 0xff, 0x8f, 0xa5,
	0xf1, 0xff, 0x0e, 0x10, 0xa5, 0xff, 0x10, 0x0f, 0x4b, 0xff, 0x11, 0x0f,
	0x34, 0xff, 0x12, 0x11, 0x27, 0xff, 0x12, 0x11, 0x22, 0xff, 0x12, 0x11,
	0x23, 0xff, 0x12, 0x11, 0x28, 0xff, 0x12, 0x11, 0x34, 0xff, 0x12, 0x11,
	0x54, 0xff, 0x15, 0x18, 0xb4, 0xff, 0x95, 0xad, 0xf1, 0xff, 0x23, 0x2c,
	0xd7, 0xff, 0x11, 0x13, 0x8b, 0xff, 0x11, 0x12, 0x7a, 0xff, 0x10, 0x12,
	0x9e, 0xff, 0x14, 0x3c, 0xf3, 0xff, 0xa7, 0xd8, 0xfd, 0xff, 0x59, 0x8b,
	0xfe, 0xff, 0x16, 0x2b, 0xe2, 0xff, 0x11, 0x14, 0x76, 0xff, 0x12, 0x12,
	0x40, 0xff, 0x12, 0x10, 0x2f, 0xff, 0x11, 0x10, 0x2a, 0xff, 0x11, 0x10,
	0x26, 0xff, 0x12, 0x10, 0x22, 0xff, 0x12, 0x10, 0x20, 0xff, 0x12, 0x10,
	0x1f, 0xff, 0x12, 0x10, 0x22, 0xff, 0x12, 0x10, 0x27, 0xff, 0x12, 0x10,
	0x31, 0xff, 0x12, 0x11, 0x40, 0xff, 0x13, 0x13, 0x63, 0xff, 0x26, 0x2d,
	0xca, 0xff, 0x85, 0x9c, 0xeb, 0xff, 0x11, 0x12, 0x9c, 0xff, 0x11, 0x11,
	0x71, 0xff, 0x11, 0x12, 0x83, 0xff, 0x15, 0x2a, 0xd7, 0xff, 0x83, 0xba,
	0xfc, 0xff, 0x79, 0xab, 0xfc, 0xff, 0x15, 0x23, 0xc8, 0xff, 0x13, 0x14,
	0x55, 0xff, 0x13, 0x12, 0x2d, 0xff, 0x13, 0x11, 0x20, 0xff, 0x12, 0x11,
	0x19, 0xff, 0x0a, 0x0b, 0x29, 0xff, 0x1c, 0x19, 0x18, 0xff, 0x27, 0x24,
	0x30, 0xe2, 0x23, 0x22, 0x2d, 0xeb, 0x1d, 0x1a, 0x19, 0xff, 0x08, 0x0a,
	0x2f, 0xff, 0x13, 0x11, 0x15, 0xff, 0x14, 0x12, 0x19, 0xff, 0x14, 0x12,
	0x21, 0xff, 0x14, 0x12, 0x2f, 0xff, 0x14, 0x13, 0x47, 0xff, 0x12, 0x14,
	0x92, 0xff, 0x4f, 0x66, 0xe8, 0xff, 0x56, 0x6d, 0xec, 0xff, 0x11, 0x13,
	0x9c, 0xff, 0x11, 0x11, 0x57, 0xff, 0x12, 0x12, 0x57, 0xff, 0x12, 0x13,
	0x7f, 0xff, 0x47, 0x52, 0xdd, 0xff, 0x66, 0x78, 0xe6, 0xff, 0x0f, 0x10,
	0x88, 0xff, 0x11, 0x10, 0x48, 0xff, 0x12, 0x10, 0x31, 0xff, 0x12, 0x11,
	0x2a, 0xff, 0x12, 0x11, 0x29, 0xff, 0x13, 0x12, 0x32, 0xff, 0x13, 0x12,
	0x4a, 0xff, 0x12, 0x12, 0x93, 0xff, 0x6d, 0x84, 0xe5, 0xff, 0x42, 0x4e,
	0xd3, 0xff, 0x11, 0x13, 0x86, 0xff, 0x11, 0x11, 0x5e, 0xff, 0x11, 0x12,
	0x6b, 0xff, 0x0d, 0x13, 0xcc, 0xff, 0x75, 0x9a, 0xf9, 0xff, 0x6a, 0x91,
	0xfb, 0xff, 0x10, 0x1a, 0xda, 0xff, 0x11, 0x13, 0x8c, 0xff, 0x12, 0x11,
	0x52, 0xff, 0x12, 0x10, 0x41, 0xff, 0x12, 0x10, 0x3a, 0xff, 0x12, 0x10,
	0x36, 0xff, 0x12, 0x11, 0x34, 0xff, 0x12, 0x11, 0x31, 0xff, 0x12, 0x11,
	0x2f, 0xff, 0x12, 0x10, 0x2f, 0xff, 0x12, 0x10, 0x2f, 0xff, 0x12, 0x11,
	0x34, 0xff, 0x12, 0x11, 0x3e, 0xff, 0x13, 0x11, 0x51, 0xff, 0x13, 0x14,
	0x8e, 0xff, 0x81, 0x92, 0xe8, 0xff, 0x32, 0x3b, 0xd3, 0xff, 0x11, 0x11,
	0x72, 0xff, 0x11, 0x10, 0x60, 0xff, 0x12, 0x15, 0x8c, 0xff, 0x1a, 0x49,
	0xf4, 0xff, 0xb1, 0xd8, 0xfc, 0xff, 0x19, 0x2b, 0xe3, 0xff, 0x14, 0x17,
	0x7a, 0xff, 0x13, 0x14, 0x40, 0xff, 0x14, 0x13, 0x29, 0xff, 0x13, 0x12,
	0x1f, 0xff, 0x13, 0x11, 0x18, 0xff, 0x0a, 0x0b, 0x2a, 0xff, 0x1d, 0x1a,
	0x18, 0xff, 0x27, 0x24, 0x30, 0xe1, 0x24, 0x23, 0x2e, 0xeb, 0x1e, 0x1b,
	0x1a, 0xff, 0x08, 0x0a, 0x31, 0xff, 0x14, 0x12, 0x14, 0xff, 0x15, 0x13,
	0x18, 0xff, 0x15, 0x13, 0x1d, 0xff, 0x15, 0x13, 0x26, 0xff, 0x14, 0x13,
	0x34, 0xff, 0x15, 0x14, 0x51, 0xff, 0x16, 0x18, 0xa6, 0xff, 0x7a, 0x9c,
	0xec, 0xff, 0x2e, 0x3a, 0xce, 0xff, 0x11, 0x11, 0x70, 0xff, 0x12, 0x11,
	0x51, 0xff, 0x13, 0x12, 0x57, 0xff, 0x11, 0x11, 0x9c, 0xff, 0x7d, 0x8e,
	0xe9, 0xff, 0x39, 0x43, 0xd5, 0xff, 0x10, 0x10, 0x72, 0xff, 0x12, 0x10,
	0x41, 0xff, 0x12, 0x10, 0x38, 0xff, 0x15, 0x14, 0x3c, 0xff, 0x13, 0x12,
	0x4b, 0xff, 0x12, 0x12, 0x7f, 0xff, 0x46, 0x55, 0xd8, 0xff, 0x63, 0x79,
	0xe0, 0xff, 0x11, 0x11, 0x86, 0xff, 0x11, 0x11, 0x57, 0xff, 0x11, 0x11,
	0x57, 0xff, 0x13, 0x13, 0x8c, 0xff, 0x41, 0x51, 0xe3, 0xff, 0x9b, 0xb6,
	0xf7, 0xff, 0x14, 0x21, 0xde, 0xff, 0x11, 0x13, 0x91, 0xff, 0x12, 0x12,
	0x5b, 0xff, 0x12, 0x11, 0x51, 0xff, 0x13, 0x11, 0x53, 0xff, 0x13, 0x12,
	0x58, 0xff, 0x13, 0x12, 0x5a, 0xff, 0x12, 0x12, 0x5b, 0xff, 0x12, 0x12,
	0x58, 0xff, 0x12, 0x11, 0x52, 0xff, 0x12, 0x11, 0x4e, 0xff, 0x12, 0x11,
	0x4f, 0xff, 0x12, 0x11, 0x55, 0xff, 0x12, 0x12, 0x5d, 0xff, 0x13, 0x12,
	0x77, 0xff, 0x1f, 0x23, 0xba, 0xff, 0x86, 0x9f, 0xeb, 0xff, 0x12, 0x14,
	0xa2, 0xff, 0x11, 0x11, 0x5d, 0xff, 0x14, 0x13, 0x67, 0xff, 0x14, 0x1f,
	0xca, 0xff, 0x61, 0x90, 0xf8, 0xff, 0x5f, 0x7d, 0xf8, 0xff, 0x15, 0x1a,
	0xae, 0xff, 0x15, 0x17, 0x52, 0xff, 0x14, 0x14, 0x33, 0xff, 0x14, 0x13,
	0x25, 0xff, 0x14, 0x13, 0x1c, 0xff, 0x14, 0x12, 0x16, 0xff, 0x0a, 0x0b,
	0x2b, 0xff, 0x1e, 0x1b, 0x19, 0xff, 0x29, 0x25, 0x31, 0xe1, 0x26, 0x25,
	0x2f, 0xeb, 0x20, 0x1c, 0x1c, 0xff, 0x08, 0x0b, 0x35, 0xff, 0x15, 0x12,
	0x13, 0xff, 0x16, 0x13, 0x16, 0xff, 0x16, 0x13, 0x19, 0xff, 0x15, 0x13,
	0x20, 0xff, 0x14, 0x12, 0x2a, 0xff, 0x15, 0x13, 0x39, 0xff, 0x15, 0x14,
	0x5b, 0xff, 0x19, 0x1c, 0xba, 0xff, 0x82, 0xa5, 0xeb, 0xff, 0x16, 0x1a,
	0xb1, 0xff, 0x12, 0x11, 0x5f, 0xff, 0x13, 0x12, 0x4e, 0xff, 0x14, 0x13,
	0x5d, 0xff, 0x16, 0x18, 0xb5, 0xff, 0x9a, 0xb2, 0xf0, 0xff, 0x1c, 0x22,
	0xbd, 0xff, 0x11, 0x10, 0x5f, 0xff, 0x12, 0x10, 0x46, 0xff, 0x12, 0x10,
	0x4b, 0xff, 0x12, 0x11, 0x78, 0xff, 0x29, 0x30, 0xd1, 0xff, 0x89, 0xa3,
	0xef, 0xff, 0x13, 0x14, 0xa0, 0xff, 0x12, 0x11, 0x57, 0xff, 0x12, 0x10,
	0x4f, 0xff, 0x13, 0x12, 0x6c, 0xff, 0x1d, 0x23, 0xbd, 0xff, 0xa3, 0xbd,
	0xf3, 0xff, 0x1c, 0x27, 0xd9, 0xff, 0x12, 0x16, 0x95, 0xff, 0x12, 0x14,
	0x6d, 0xff, 0x12, 0x12, 0x5b, 0xff, 0x13, 0x12, 0x66, 0xff, 0x14, 0x15,
	0xa5, 0xff, 0x13, 0x19, 0xbe, 0xff, 0x12, 0x18, 0xbe, 0xff, 0x12, 0x19,
	0xc1, 0xff, 0x11, 0x18, 0xbb, 0xff, 0x11, 0x16, 0xb3, 0xff, 0x11, 0x16,
	0xb0, 0xff, 0x11, 0x17, 0xb2, 0xff, 0x12, 0x19, 0xb6, 0xff, 0x13, 0x1a,
	0xba, 0xff, 0x14, 0x18, 0xc3, 0xff, 0x6d, 0x84, 0xe2, 0xff, 0x33, 0x3c,
	0xca, 0xff, 0x12, 0x12, 0x69, 0xff, 0x12, 0x11, 0x53, 0xff, 0x14, 0x13,
	0x84, 0xff, 0x1a, 0x31, 0xed, 0xff, 0xb1, 0xd2, 0xfa, 0xff, 0x18, 0x23,
	0xe3, 0xff, 0x15, 0x16, 0x71, 0xff, 0x14, 0x14, 0x3d, 0xff, 0x14, 0x13,
	0x2b, 0xff, 0x15, 0x13, 0x20, 0xff, 0x17, 0x15, 0x1a, 0xff, 0x16, 0x13,
	0x14, 0xff, 0x0a, 0x0b, 0x2d, 0xff, 0x1f, 0x1b, 0x19, 0xff, 0x2a, 0x27,
	0x32, 0xe1, 0x27, 0x26, 0x30, 0xeb, 0x21, 0x1d, 0x1d, 0xff, 0x08, 0x0b,
	0x37, 0xff, 0x16, 0x13, 0x12, 0xff, 0x17, 0x14, 0x15, 0xff, 0x16, 0x14,
	0x17, 0xff, 0x1e, 0x1b, 0x22, 0xff, 0x15, 0x13, 0x22, 0xff, 0x15, 0x13,
	0x2b, 0xff, 0x15, 0x13, 0x3a, 0xff, 0x15, 0x13, 0x66, 0xff, 0x2a, 0x30,
	0xc7, 0xff, 0x74, 0x91, 0xe6, 0xff, 0x10, 0x10, 0x95, 0xff, 0x13, 0x12,
	0x53, 0xff, 0x13, 0x12, 0x4d, 0xff, 0x14, 0x14, 0x6e, 0xff, 0x2e, 0x35,
	0xd2, 0xff, 0x86, 0xa1, 0xec, 0xff, 0x0f, 0x0f, 0x9e, 0xff, 0x12, 0x10,
	0x5f, 0xff, 0x12, 0x11, 0x6e, 0xff, 0x16, 0x18, 0xbd, 0xff, 0x93, 0xab,
	0xf0, 0xff, 0x1e, 0x24, 0xc8, 0xff, 0x13, 0x12, 0x6a, 0xff, 0x14, 0x12,
	0x51, 0xff, 0x13, 0x11, 0x5b, 0xff, 0x14, 0x14, 0xa2, 0xff, 0x81, 0xa0,
	0xeb, 0xff, 0x2f, 0x3c, 0xd6, 0xff, 0x12, 0x14, 0x96, 0xff, 0x12, 0x13,
	0x64, 0xff, 0x13, 0x13, 0x5e, 0xff, 0x15, 0x17, 0x7c, 0xff, 0x18, 0x1b,
	0xb5, 0xff, 0x47, 0x59, 0xe2, 0xff, 0x9d, 0xc6, 0xf9, 0xff, 0x77, 0x9a,
	0xf2, 0xff, 0x75, 0x98, 0xf0, 0xff, 0x72, 0x95, 0xed, 0xff, 0x6e, 0x91,
	0xea, 0xff, 0x6b, 0x8d, 0xe9, 0xff, 0x6e, 0x8e, 0xea, 0xff, 0x74, 0x93,
	0xec, 0xff, 0x79, 0x97, 0xef, 0xff, 0x7f, 0x9e, 0xf5, 0xff, 0x6c, 0x81,
	0xea, 0xff, 0x13, 0x13, 0x92, 0xff, 0x13, 0x12, 0x50, 0xff, 0x13, 0x12,
	0x52, 0xff, 0x14, 0x16, 0xab, 0xff, 0x5a, 0x71, 0xf1, 0xff, 0x6c, 0x83,
	0xf4, 0xff, 0x15, 0x18, 0xb0, 0xff, 0x16, 0x16, 0x50, 0xff, 0x15, 0x13,
	0x32, 0xff, 0x15, 0x13, 0x24, 0xff, 0x17, 0x14, 0x1c, 0xff, 0x18, 0x14,
	0x17, 0xff, 0x17, 0x14, 0x14, 0xff, 0x0a, 0x0c, 0x2f, 0xff, 0x20, 0x1c,
	0x19, 0xff, 0x2b, 0x28, 0x32, 0xe0, 0x28, 0x27, 0x31, 0xeb, 0x22, 0x1e,
	0x1d, 0xff, 0x08, 0x0b, 0x38, 0xff, 0x17, 0x14, 0x12, 0xff, 0x18, 0x16,
	0x15, 0xff, 0x17, 0x14, 0x15, 0xff, 0x17, 0x14, 0x17, 0xff, 0x16, 0x14,
	0x1c, 0xff, 0x16, 0x14, 0x22, 0xff, 0x16, 0x13, 0x2c, 0xff, 0x15, 0x13,
	0x41, 0xff, 0x14, 0x12, 0x7f, 0xff, 0x4a, 0x5d, 0xdb, 0xff, 0x4f, 0x63,
	0xdb, 0xff, 0x12, 0x11, 0x7e, 0xff, 0x13, 0x12, 0x4e, 0xff, 0x14, 0x13,
	0x51, 0xff, 0x14, 0x14, 0x87, 0xff, 0x55, 0x6a, 0xe6, 0xff, 0x5a, 0x6b,
	0xe0, 0xff, 0x10, 0x10, 0xa3, 0xff, 0x13, 0x12, 0xad, 0xff, 0x75, 0x8e,
	0xe7, 0xff, 0x3a, 0x45, 0xd7, 0xff, 0x13, 0x13, 0x78, 0xff, 0x13, 0x11,
	0x52, 0xff, 0x13, 0x11, 0x55, 0xff, 0x14, 0x13, 0x92, 0xff, 0x5b, 0x73,
	0xe2, 0xff, 0x50, 0x62, 0xdf, 0xff, 0x11, 0x12, 0x9f, 0xff, 0x13, 0x13,
	0x6b, 0xff, 0x13, 0x12, 0x55, 0xff, 0x13, 0x12, 0x55, 0xff, 0x19, 0x1d,
	0x9b, 0xff, 0x78, 0x91, 0xf3, 0xff, 0x18, 0x26, 0xed, 0xff, 0x8a, 0xa7,
	0xf8, 0xff, 0x13, 0x1a, 0xcf, 0xff, 0x13, 0x16, 0xa0, 0xff, 0x13, 0x14,
	0x8f, 0xff, 0x13, 0x13, 0x87, 0xff, 0x13, 0x13, 0x80, 0xff, 0x13, 0x13,
	0x80, 0xff, 0x13, 0x14, 0x80, 0xff, 0x14, 0x15, 0x85, 0xff, 0x14, 0x18,
	0x92, 0xff, 0x14, 0x15, 0x7d, 0xff, 0x15, 0x14, 0x55, 0xff, 0x14, 0x13,
	0x49, 0xff, 0x15, 0x14, 0x61, 0xff, 0x0e, 0x11, 0xd5, 0xff, 0x99, 0xb8,
	0xf4, 0xff, 0x19, 0x1f, 0xd1, 0xff, 0x16, 0x17, 0x6a, 0xff, 0x16, 0x15,
	0x3b, 0xff, 0x15, 0x13, 0x2c, 0xff, 0x16, 0x14, 0x1f, 0xff, 0x18, 0x14,
	0x18, 0xff, 0x18, 0x15, 0x15, 0xff, 0x17, 0x14, 0x13, 0xff, 0x0b, 0x0c,
	0x31, 0xff, 0x22, 0x1d, 0x1b, 0xff, 0x2c, 0x29, 0x34, 0xe2, 0x29, 0x28,
	0x32, 0xeb, 0x23, 0x1f, 0x1e, 0xff, 0x09, 0x0c, 0x39, 0xff, 0x17, 0x14,
	0x12, 0xff, 0x18, 0x15, 0x12, 0xff, 0x18, 0x15, 0x13, 0xff, 0x18, 0x15,
	0x15, 0xff, 0x18, 0x15, 0x18, 0xff, 0x17, 0x14, 0x1c, 0xff, 0x16, 0x14,
	0x24, 0xff, 0x16, 0x14, 0x31, 0xff, 0x15, 0x14, 0x4a, 0xff, 0x13, 0x12,
	0x96, 0xff, 0x6d, 0x8a, 0xe5, 0xff, 0x2b, 0x33, 0xc8, 0xff, 0x12, 0x12,
	0x6a, 0xff, 0x14, 0x13, 0x4e, 0xff, 0x14, 0x13, 0x5a, 0xff, 0x13, 0x16,
	0xb2, 0xff, 0x8f, 0xaa, 0xf4, 0xff, 0x39, 0x45, 0xe8, 0xff, 0x4b, 0x5c,
	0xe6, 0xff, 0x69, 0x82, 0xe8, 0xff, 0x14, 0x13, 0x8d, 0xff, 0x14, 0x13,
	0x51, 0xff, 0x14, 0x12, 0x4e, 0xff, 0x14, 0x13, 0x76, 0xff, 0x37, 0x44,
	0xd4, 0xff, 0x7d, 0x97, 0xe9, 0xff, 0x14, 0x15, 0xbb, 0xff, 0x14, 0x16,
	0xba, 0xff, 0x13, 0x14, 0xa3, 0xff, 0x13, 0x13, 0x68, 0xff, 0x13, 0x12,
	0x54, 0xff, 0x14, 0x15, 0x8a, 0xff, 0x79, 0x8d, 0xe8, 0xff, 0x29, 0x42,
	0xf5, 0xff, 0x65, 0x7d, 0xf5, 0xff, 0x23, 0x2e, 0xd5, 0xff, 0x13, 0x14,
	0x87, 0xff, 0x13, 0x13, 0x61, 0xff, 0x14, 0x13, 0x57, 0xff, 0x14, 0x13,
	0x53, 0xff, 0x14, 0x12, 0x50, 0xff, 0x14, 0x13, 0x50, 0xff, 0x15, 0x13,
	0x4c, 0xff, 0x15, 0x13, 0x4a, 0xff, 0x15, 0x13, 0x46, 0xff, 0x14, 0x13,
	0x44, 0xff, 0x15, 0x13, 0x4c, 0xff, 0x14, 0x15, 0x8d, 0xff, 0x4d, 0x5c,
	0xe6, 0xff, 0x65, 0x7a, 0xe8, 0xff, 0x15, 0x16, 0x8d, 0xff, 0x16, 0x16,
	0x46, 0xff, 0x15, 0x14, 0x2f, 0xff, 0x19, 0x16, 0x27, 0xff, 0x18, 0x14,
	0x1b, 0xff, 0x19, 0x15, 0x16, 0xff, 0x18, 0x15, 0x14, 0xff, 0x18, 0x15,
	0x13, 0xff, 0x0b, 0x0c, 0x32, 0xff, 0x23, 0x1f, 0x1c, 0xff, 0x2d, 0x2a,
	0x35, 0xe2, 0x2b, 0x29, 0x33, 0xea, 0x25, 0x21, 0x20, 0xff, 0x09, 0x0c,
	0x39, 0xff, 0x18, 0x15, 0x12, 0xff, 0x19, 0x16, 0x12, 0xff, 0x19, 0x16,
	0x12, 0xff, 0x19, 0x16, 0x14, 0xff, 0x18, 0x15, 0x16, 0xff, 0x18, 0x15,
	0x19, 0xff, 0x17, 0x15, 0x1e, 0xff, 0x17, 0x14, 0x28, 0xff, 0x16, 0x14,
	0x34, 0xff, 0x16, 0x14, 0x57, 0xff, 0x18, 0x19, 0xb1, 0xff, 0x83, 0xa4,
	0xea, 0xff, 0x17, 0x1a, 0xb4, 0xff, 0x15, 0x12, 0x5e, 0xff, 0x14, 0x12,
	0x52, 0xff, 0x16, 0x15, 0x71, 0xff, 0x21, 0x2f, 0xd6, 0xff, 0xb5, 0xcb,
	0xfa, 0xff, 0x9d, 0xb9, 0xf7, 0xff, 0x15, 0x1a, 0xbb, 0xff, 0x14, 0x15,
	0x5d, 0xff, 0x14, 0x13, 0x4b, 0xff, 0x15, 0x14, 0x5f, 0xff, 0x1e, 0x22,
	0xb6, 0xff, 0x89, 0xa7, 0xec, 0xff, 0x18, 0x1b, 0xb6, 0xff, 0x15, 0x16,
	0x9a, 0xff, 0x4a, 0x65, 0xea, 0xff, 0x7c, 0xa6, 0xf5, 0xff, 0x13, 0x17,
	0xb1, 0xff, 0x13, 0x14, 0x5f, 0xff, 0x14, 0x15, 0x6e, 0xff, 0x28, 0x32,
	0xc7, 0xff, 0x6b, 0x84, 0xf1, 0xff, 0x19, 0x2c, 0xf9, 0xff, 0x72, 0x92,
	0xf5, 0xff, 0x14, 0x18, 0xc3, 0xff, 0x14, 0x15, 0x94, 0xff, 0x15, 0x15,
	0x85, 0xff, 0x15, 0x15, 0x80, 0xff, 0x15, 0x14, 0x7c, 0xff, 0x15, 0x14,
	0x77, 0xff, 0x15, 0x14, 0x67, 0xff, 0x15, 0x13, 0x4e, 0xff, 0x14, 0x12,
	0x3f, 0xff, 0x14, 0x12, 0x3e, 0xff, 0x15, 0x14, 0x56, 0xff, 0x16, 0x1a,
	0xb7, 0xff, 0xa4, 0xbe, 0xf4, 0xff, 0x1c, 0x24, 0xc8, 0xff, 0x16, 0x17,
	0x5e, 0xff, 0x17, 0x16, 0x37, 0xff, 0x16, 0x14, 0x28, 0xff, 0x17, 0x14,
	0x1f, 0xff, 0x18, 0x15, 0x19, 0xff, 0x19, 0x15, 0x15, 0xff, 0x1a, 0x16,
	0x13, 0xff, 0x19, 0x16, 0x13, 0xff, 0x0b, 0x0d, 0x33, 0xff, 0x24, 0x20,
	0x1d, 0xff, 0x2e, 0x2b, 0x36, 0xe2, 0x2d, 0x2b, 0x34, 0xea, 0x27, 0x23,
	0x22, 0xff, 0x0a, 0x0c, 0x39, 0xff, 0x18, 0x16, 0x12, 0xff, 0x19, 0x17,
	0x13, 0xff, 0x19, 0x16, 0x12, 0xff, 0x19, 0x16, 0x13, 0xff, 0x19, 0x16,
	0x14, 0xff, 0x19, 0x16, 0x17, 0xff, 0x18, 0x15, 0x1b, 0xff, 0x17, 0x15,
	0x22, 0xff, 0x17, 0x15, 0x2c, 0xff, 0x1e, 0x1c, 0x41, 0xff, 0x15, 0x13,
	0x6a, 0xff, 0x2e, 0x37, 0xc7, 0xff, 0x74, 0x91, 0xe9, 0xff, 0x13, 0x13,
	0x9c, 0xff, 0x15, 0x13, 0x59, 0xff, 0x16, 0x14, 0x55, 0xff, 0x16, 0x17,
	0x88, 0xff, 0x42, 0x58, 0xe2, 0xff, 0x2d, 0x3b, 0xd4, 0xff, 0x15, 0x17,
	0x79, 0xff, 0x15, 0x15, 0x50, 0xff, 0x15, 0x15, 0x57, 0xff, 0x16, 0x14,
	0xa1, 0xff, 0x7e, 0x9c, 0xe9, 0xff, 0x28, 0x2d, 0xc4, 0xff, 0x14, 0x14,
	0x75, 0xff, 0x15, 0x16, 0x8a, 0xff, 0x40, 0x66, 0xf5, 0xff, 0xd3, 0xf2,
	0xfe, 0xff, 0x23, 0x48, 0xdb, 0xff, 0x14, 0x15, 0x6f, 0xff, 0x14, 0x14,
	0x5e, 0xff, 0x15, 0x15, 0x9a, 0xff, 0x7a, 0x92, 0xe9, 0xff, 0x10, 0x18,
	0xf2, 0xff, 0x6e, 0x8a, 0xf8, 0xff, 0x84, 0xa5, 0xf5, 0xff, 0x77, 0x8e,
	0xe9, 0xff, 0x73, 0x8c, 0xe8, 0xff, 0x70, 0x8a, 0xe8, 0xff, 0x6b, 0x87,
	0xe5, 0xff, 0x67, 0x84, 0xe4, 0xff, 0x4e, 0x63, 0xd9, 0xff, 0x15, 0x14,
	0x74, 0xff, 0x14, 0x13, 0x41, 0xff, 0x14, 0x12, 0x41, 0xff, 0x16, 0x15,
	0x6f, 0xff, 0x46, 0x56, 0xdc, 0xff, 0x7a, 0x8f, 0xec, 0xff, 0x16, 0x18,
	0x8f, 0xff, 0x17, 0x17, 0x44, 0xff, 0x17, 0x16, 0x30, 0xff, 0x17, 0x16,
	0x24, 0xff, 0x18, 0x15, 0x1c, 0xff, 0x19, 0x16, 0x17, 0xff, 0x1b, 0x18,
	0x16, 0xff, 0x1b, 0x17, 0x13, 0xff, 0x1a, 0x16, 0x13, 0xff, 0x0b, 0x0d,
	0x33, 0xff, 0x27, 0x23, 0x20, 0xff, 0x31, 0x2e, 0x38, 0xe2, 0x2e, 0x2c,
	0x35, 0xea, 0x29, 0x25, 0x23, 0xff, 0x0a, 0x0c, 0x3a, 0xff, 0x19, 0x16,
	0x12, 0xff, 0x1a, 0x17, 0x13, 0xff, 0x1b, 0x19, 0x16, 0xff, 0x19, 0x16,
	0x13, 0xff, 0x19, 0x16, 0x13, 0xff, 0x19, 0x16, 0x15, 0xff, 0x18, 0x16,
	0x18, 0xff, 0x1f, 0x1c, 0x25, 0xff, 0x17, 0x15, 0x26, 0xff, 0x17, 0x15,
	0x2f, 0xff, 0x1a, 0x18, 0x45, 0xff, 0x15, 0x15, 0x80, 0xff, 0x59, 0x6e,
	0xdd, 0xff, 0x52, 0x62, 0xe0, 0xff, 0x15, 0x14, 0x82, 0xff, 0x16, 0x14,
	0x52, 0xff, 0x17, 0x15, 0x50, 0xff, 0x17, 0x17, 0x6b, 0xff, 0x16, 0x17,
	0x69, 0xff, 0x16, 0x16, 0x51, 0xff, 0x16, 0x15, 0x53, 0xff, 0x16, 0x17,
	0x93, 0xff, 0x67, 0x79, 0xe4, 0xff, 0x4b, 0x57, 0xda, 0xff, 0x15, 0x15,
	0x7e, 0xff, 0x15, 0x14, 0x57, 0xff, 0x16, 0x16, 0x71, 0xff, 0x18, 0x21,
	0xd7, 0xff, 0x93, 0xb8, 0xfc, 0xff, 0x49, 0x8d, 0xef, 0xff, 0x13, 0x14,
	0x85, 0xff, 0x14, 0x14, 0x5b, 0xff, 0x16, 0x16, 0x75, 0xff, 0x40, 0x4d,
	0xd4, 0xff, 0x55, 0x63, 0xf1, 0xff, 0x13, 0x1b, 0xe1, 0xff, 0x19, 0x29,
	0xd4, 0xff, 0x1a, 0x28, 0xca, 0xff, 0x1a, 0x25, 0xcc, 0xff, 0x17, 0x1e,
	0xcf, 0xff, 0x16, 0x1c, 0xd1, 0xff, 0x32, 0x42, 0xe6, 0xff, 0x66, 0x7f,
	0xe6, 0xff, 0x15, 0x15, 0x78, 0xff, 0x15, 0x13, 0x45, 0xff, 0x16, 0x14,
	0x4d, 0xff, 0x17, 0x15, 0xa0, 0xff, 0x93, 0xb3, 0xee, 0xff, 0x21, 0x2a,
	0xc5, 0xff, 0x17, 0x18, 0x62, 0xff, 0x17, 0x16, 0x39, 0xff, 0x17, 0x16,
	0x2b, 0xff, 0x19, 0x16, 0x1f, 0xff, 0x1a, 0x17, 0x1b, 0xff, 0x1a, 0x17,
	0x17, 0xff, 0x1b, 0x17, 0x14, 0xff, 0x1b, 0x17, 0x13, 0xff, 0x1a, 0x17,
	0x13, 0xff, 0x0c, 0x0d, 0x33, 0xff, 0x29, 0x24, 0x21, 0xff, 0x34, 0x30,
	0x3a, 0xe1, 0x30, 0x2e, 0x36, 0xeb, 0x2b, 0x27, 0x25, 0xff, 0x0b, 0x0c,
	0x3b, 0xff, 0x1a, 0x16, 0x13, 0xff, 0x1c, 0x18, 0x14, 0xff, 0x1b, 0x18,
	0x14, 0xff, 0x1a, 0x17, 0x13, 0xff, 0x19, 0x17, 0x13, 0xff, 0x19, 0x17,
	0x14, 0xff, 0x19, 0x17, 0x17, 0xff, 0x19, 0x16, 0x1b, 0xff, 0x18, 0x16,
	0x21, 0xff, 0x18, 0x16, 0x2b, 0xff, 0x1b, 0x19, 0x40, 0xff, 0x16, 0x16,
	0x58, 0xff, 0x15, 0x16, 0x9e, 0xff, 0x7b, 0x96, 0xe7, 0xff, 0x2b, 0x32,
	0xc0, 0xff, 0x17, 0x16, 0x64, 0xff, 0x16, 0x14, 0x48, 0xff, 0x17, 0x16,
	0x44, 0xff, 0x18, 0x16, 0x42, 0xff, 0x17, 0x15, 0x47, 0xff, 0x17, 0x18,
	0x6e, 0xff, 0x40, 0x4d, 0xd2, 0xff, 0x7a, 0x90, 0xea, 0xff, 0x14, 0x16,
	0x9a, 0xff, 0x15, 0x15, 0x55, 0xff, 0x15, 0x14, 0x49, 0xff, 0x16, 0x15,
	0x53, 0xff, 0x15, 0x16, 0x8b, 0xff, 0x24, 0x3c, 0xe2, 0xff, 0x96, 0xd8,
	0xfd, 0xff, 0x17, 0x20, 0xad, 0xff, 0x14, 0x14, 0x60, 0xff, 0x15, 0x15,
	0x63, 0xff, 0x15, 0x19, 0xaf, 0xff, 0x87, 0x9c, 0xee, 0xff, 0x13, 0x17,
	0xc3, 0xff, 0x14, 0x15, 0x7a, 0xff, 0x15, 0x15, 0x67, 0xff, 0x16, 0x15,
	0x63, 0xff, 0x16, 0x15, 0x72, 0xff, 0x16, 0x17, 0xb3, 0xff, 0x80, 0x97,
	0xed, 0xff, 0x21, 0x2b, 0xcb, 0xff, 0x16, 0x15, 0x61, 0xff, 0x16, 0x14,
	0x4c, 0xff, 0x16, 0x15, 0x6e, 0xff, 0x3b, 0x4a, 0xd4, 0xff, 0x75, 0x8c,
	0xe3, 0xff, 0x17, 0x18, 0x8a, 0xff, 0x18, 0x17, 0x45, 0xff, 0x17, 0x15,
	0x30, 0xff, 0x1e, 0x1c, 0x2a, 0xff, 0x1a, 0x17, 0x1c, 0xff, 0x1b, 0x18,
	0x19, 0xff, 0x1b, 0x18, 0x17, 0xff, 0x1d, 0x1a, 0x17, 0xff, 0x1e, 0x1a,
	0x17, 0xff, 0x1c, 0x18, 0x14, 0xff, 0x0c, 0x0d, 0x33, 0xff, 0x2b, 0x26,
	0x23, 0xff, 0x36, 0x32, 0x3b, 0xdf, 0x33, 0x31, 0x38, 0xea, 0x2c, 0x28,
	0x26, 0xff, 0x0b, 0x0c, 0x39, 0xff, 0x1b, 0x17, 0x13, 0xff, 0x1c, 0x18,
	0x14, 0xff, 0x1b, 0x18, 0x14, 0xff, 0x1a, 0x17, 0x14, 0xff, 0x1a, 0x17,
	0x14, 0xff, 0x1a, 0x17, 0x15, 0xff, 0x1a, 0x17, 0x17, 0xff, 0x1a, 0x17,
	0x1a, 0xff, 0x19, 0x17, 0x21, 0xff, 0x19, 0x16, 0x2b, 0xff, 0x19, 0x16,
	0x3a, 0xff, 0x17, 0x15, 0x49, 0xff, 0x17, 0x16, 0x6a, 0xff, 0x1c, 0x1f,
	0xbe, 0xff, 0x8d, 0xa7, 0xeb, 0xff, 0x18, 0x1a, 0x8a, 0xff, 0x18, 0x16,
	0x45, 0xff, 0x17, 0x15, 0x39, 0xff, 0x18, 0x15, 0x38, 0xff, 0x19, 0x16,
	0x45, 0xff, 0x24, 0x28, 0xa7, 0xff, 0x9a, 0xb2, 0xf2, 0xff, 0x18, 0x1d,
	0xc1, 0xff, 0x15, 0x15, 0x65, 0xff, 0x16, 0x14, 0x47, 0xff, 0x15, 0x14,
	0x3f, 0xff, 0x16, 0x15, 0x41, 0xff, 0x17, 0x16, 0x56, 0xff, 0x15, 0x18,
	0xa9, 0xff, 0x86, 0xa7, 0xf6, 0xff, 0x3c, 0x63, 0xdc, 0xff, 0x15, 0x17,
	0x76, 0xff, 0x16, 0x15, 0x5a, 0xff, 0x17, 0x17, 0x7c, 0xff, 0x5c, 0x6b,
	0xdc, 0xff, 0x3b, 0x47, 0xd7, 0xff, 0x14, 0x14, 0x76, 0xff, 0x15, 0x13,
	0x50, 0xff, 0x15, 0x13, 0x4e, 0xff, 0x16, 0x15, 0x67, 0xff, 0x22, 0x27,
	0xc6, 0xff, 0x71, 0x8b, 0xea, 0xff, 0x16, 0x17, 0x92, 0xff, 0x17, 0x16,
	0x58, 0xff, 0x16, 0x14, 0x57, 0xff, 0x17, 0x19, 0xa5, 0xff, 0x94, 0xaf,
	0xf1, 0xff, 0x24, 0x2a, 0xc1, 0xff, 0x19, 0x18, 0x60, 0xff, 0x19, 0x17,
	0x38, 0xff, 0x18, 0x16, 0x2a, 0xff, 0x1a, 0x16, 0x20, 0xff, 0x1b, 0x18,
	0x1a, 0xff, 0x1c, 0x18, 0x18, 0xff, 0x1c, 0x19, 0x16, 0xff, 0x1d, 0x19,
	0x16, 0xff, 0x1e, 0x19, 0x14, 0xff, 0x1d, 0x18, 0x14, 0xff, 0x0d, 0x0d,
	0x32, 0xff, 0x2e, 0x28, 0x25, 0xff, 0x39, 0x35, 0x3c, 0xdf, 0x35, 0x33,
	0x39, 0xeb, 0x2d, 0x2a, 0x28, 0xff, 0x0c, 0x0c, 0x37, 0xff, 0x1b, 0x17,
	0x14, 0xff, 0x1c, 0x19, 0x14, 0xff, 0x1c, 0x18, 0x14, 0xff, 0x21, 0x1d,
	0x1a, 0xff, 0x1c, 0x18, 0x16, 0xff, 0x1b, 0x18, 0x17, 0xff, 0x1b, 0x18,
	0x18, 0xff, 0x1a, 0x17, 0x1c, 0xff, 0x1a, 0x17, 0x22, 0xff, 0x19, 0x17,
	0x2c, 0xff, 0x19, 0x16, 0x39, 0xff, 0x18, 0x16, 0x4d, 0xff, 0x17, 0x17,
	0x79, 0xff, 0x2d, 0x35, 0xc9, 0xff, 0x83, 0x9e, 0xea, 0xff, 0x18, 0x18,
	0x82, 0xff, 0x18, 0x16, 0x44, 0xff, 0x18, 0x15, 0x3c, 0xff, 0x18, 0x15,
	0x3b, 0xff, 0x19, 0x17, 0x47, 0xff, 0x1b, 0x1b, 0x98, 0xff, 0x93, 0xa8,
	0xf0, 0xff, 0x1f, 0x25, 0xc5, 0xff, 0x15, 0x15, 0x69, 0xff, 0x17, 0x15,
	0x46, 0xff, 0x16, 0x14, 0x39, 0xff, 0x16, 0x15, 0x38, 0xff, 0x17, 0x16,
	0x43, 0xff, 0x17, 0x17, 0x77, 0xff, 0x38, 0x47, 0xd8, 0xff, 0x94, 0xbd,
	0xf5, 0xff, 0x16, 0x19, 0x9c, 0xff, 0x16, 0x16, 0x5a, 0xff, 0x17, 0x16,
	0x5b, 0xff, 0x1a, 0x1c, 0xab, 0xff, 0x78, 0x91, 0xea, 0xff, 0x14, 0x15,
	0x9c, 0xff, 0x15, 0x13, 0x55, 0xff, 0x16, 0x13, 0x53, 0xff, 0x17, 0x16,
	0x89, 0xff, 0x67, 0x7e, 0xe5, 0xff, 0x29, 0x32, 0xc2, 0xff, 0x17, 0x16,
	0x63, 0xff, 0x16, 0x14, 0x50, 0xff, 0x17, 0x16, 0x6d, 0xff, 0x36, 0x44,
	0xd4, 0xff, 0x88, 0x9d, 0xee, 0xff, 0x18, 0x18, 0x8c, 0xff, 0x1a, 0x18,
	0x47, 0xff, 0x1a, 0x17, 0x31, 0xff, 0x19, 0x17, 0x25, 0xff, 0x1a, 0x17,
	0x1e, 0xff, 0x1c, 0x18, 0x19, 0xff, 0x1c, 0x18, 0x17, 0xff, 0x1d, 0x19,
	0x14, 0xff, 0x1e, 0x19, 0x14, 0xff, 0x1f, 0x1a, 0x14, 0xff, 0x1d, 0x19,
	0x15, 0xff, 0x0e, 0x0e, 0x30, 0xff, 0x30, 0x2a, 0x26, 0xff, 0x3c, 0x38,
	0x3e, 0xe0, 0x37, 0x34, 0x3b, 0xea, 0x30, 0x2c, 0x2a, 0xff, 0x0c, 0x0d,
	0x35, 0xff, 0x1b, 0x18, 0x14, 0xff, 0x1c, 0x19, 0x16, 0xff, 0x1f, 0x1c,
	0x18, 0xff, 0x1d, 0x19, 0x15, 0xff, 0x1c, 0x18, 0x16, 0xff, 0x1c, 0x18,
	0x18, 0xff, 0x1c, 0x18, 0x1a, 0xff, 0x1b, 0x18, 0x1e, 0xff, 0x1a, 0x17,
	0x25, 0xff, 0x19, 0x17, 0x30, 0xff, 0x19, 0x17, 0x3f, 0xff, 0x19, 0x18,
	0x66, 0xff, 0x1d, 0x21, 0xbb, 0xff, 0x92, 0xac, 0xef, 0xff, 0x1f, 0x22,
	0xb9, 0xff, 0x18, 0x18, 0x5b, 0xff, 0x18, 0x16, 0x47, 0xff, 0x19, 0x17,
	0x45, 0xff, 0x19, 0x17, 0x45, 0xff, 0x19, 0x17, 0x49, 0xff, 0x1a, 0x18,
	0x64, 0xff, 0x2d, 0x32, 0xc0, 0xff, 0x81, 0x9b, 0xeb, 0xff, 0x14, 0x14,
	0xa4, 0xff, 0x17, 0x16, 0x54, 0xff, 0x17, 0x15, 0x3b, 0xff, 0x17, 0x15,
	0x37, 0xff, 0x18, 0x16, 0x3c, 0xff, 0x18, 0x18, 0x59, 0xff, 0x17, 0x1b,
	0xb2, 0xff, 0xa3, 0xbe, 0xf6, 0xff, 0x2c, 0x3a, 0xc5, 0xff, 0x17, 0x17,
	0x63, 0xff, 0x17, 0x16, 0x51, 0xff, 0x18, 0x18, 0x7b, 0xff, 0x68, 0x7c,
	0xe0, 0xff, 0x26, 0x2d, 0xc4, 0xff, 0x15, 0x14, 0x69, 0xff, 0x17, 0x15,
	0x67, 0xff, 0x1d, 0x20, 0xc0, 0xff, 0x80, 0x99, 0xec, 0xff, 0x17, 0x18,
	0x94, 0xff, 0x16, 0x15, 0x55, 0xff, 0x16, 0x15, 0x54, 0xff, 0x17, 0x17,
	0x96, 0xff, 0x86, 0xa4, 0xec, 0xff, 0x2e, 0x37, 0xd0, 0xff, 0x1a, 0x19,
	0x63, 0xff, 0x1a, 0x19, 0x3c, 0xff, 0x1a, 0x18, 0x2c, 0xff, 0x1a, 0x17,
	0x23, 0xff, 0x22, 0x1f, 0x24, 0xff, 0x1c, 0x18, 0x18, 0xff, 0x1d, 0x19,
	0x16, 0xff, 0x1d, 0x19, 0x14, 0xff, 0x1f, 0x19, 0x14, 0xff, 0x1f, 0x1a,
	0x14, 0xff, 0x1e, 0x19, 0x15, 0xff, 0x0e, 0x0e, 0x2f, 0xff, 0x33, 0x2c,
	0x28, 0xff, 0x40, 0x3b, 0x40, 0xe1, 0x39, 0x36, 0x3c, 0xea, 0x32, 0x2d,
	0x2b, 0xff, 0x0d, 0x0f, 0x32, 0xff, 0x1d, 0x19, 0x15, 0xff, 0x1d, 0x1a,
	0x17, 0xff, 0x1f, 0x1b, 0x18, 0xff, 0x1d, 0x1a, 0x16, 0xff, 0x1c, 0x19,
	0x17, 0xff, 0x1c, 0x19, 0x19, 0xff, 0x1c, 0x18, 0x1d, 0xff, 0x1b, 0x18,
	0x22, 0xff, 0x1a, 0x17, 0x2b, 0xff, 0x1a, 0x17, 0x36, 0xff, 0x1a, 0x18,
	0x51, 0xff, 0x18, 0x18, 0xa2, 0xff, 0x80, 0x98, 0xeb, 0xff, 0x38, 0x42,
	0xd1, 0xff, 0x18, 0x18, 0x74, 0xff, 0x18, 0x17, 0x52, 0xff, 0x19, 0x18,
	0x58, 0xff, 0x1a, 0x1a, 0x7b, 0xff, 0x1a, 0x1a, 0x76, 0xff, 0x1a, 0x17,
	0x54, 0xff, 0x19, 0x17, 0x53, 0xff, 0x19, 0x18, 0x7c, 0xff, 0x50, 0x5f,
	0xd8, 0xff, 0x5e, 0x6f, 0xdf, 0xff, 0x16, 0x16, 0x8b, 0xff, 0x18, 0x16,
	0x4a, 0xff, 0x18, 0x16, 0x3c, 0xff, 0x18, 0x16, 0x3c, 0xff, 0x19, 0x18,
	0x48, 0xff, 0x18, 0x18, 0x80, 0xff, 0x49, 0x5b, 0xe4, 0xff, 0x7a, 0x93,
	0xe6, 0xff, 0x16, 0x17, 0x7d, 0xff, 0x17, 0x15, 0x51, 0xff, 0x19, 0x17,
	0x5e, 0xff, 0x24, 0x28, 0xbd, 0xff, 0x6d, 0x81, 0xe3, 0xff, 0x15, 0x14,
	0x8b, 0xff, 0x17, 0x16, 0x8d, 0xff, 0x61, 0x73, 0xe1, 0xff, 0x3e, 0x4b,
	0xd8, 0xff, 0x18, 0x17, 0x72, 0xff, 0x18, 0x15, 0x57, 0xff, 0x18, 0x17,
	0x69, 0xff, 0x29, 0x34, 0xc5, 0xff, 0x80, 0x9e, 0xea, 0xff, 0x19, 0x1a,
	0x91, 0xff, 0x1a, 0x19, 0x4a, 0xff, 0x1b, 0x19, 0x34, 0xff, 0x1b, 0x19,
	0x2a, 0xff, 0x1d, 0x1a, 0x22, 0xff, 0x20, 0x1c, 0x1f, 0xff, 0x1e, 0x1a,
	0x18, 0xff, 0x1f, 0x1a, 0x16, 0xff, 0x21, 0x1b, 0x17, 0xff, 0x21, 0x1c,
	0x17, 0xff, 0x1f, 0x1a, 0x14, 0xff, 0x1e, 0x19, 0x16, 0xff, 0x0f, 0x0f,
	0x2d, 0xff, 0x34, 0x2d, 0x29, 0xff, 0x42, 0x3d, 0x42, 0xe1, 0x3b, 0x37,
	0x3d, 0xe9, 0x34, 0x2f, 0x2d, 0xff, 0x0e, 0x10, 0x2f, 0xff, 0x1d, 0x19,
	0x16, 0xff, 0x1e, 0x1b, 0x17, 0xff, 0x1e, 0x1b, 0x17, 0xff, 0x1e, 0x1a,
	0x17, 0xff, 0x1d, 0x1a, 0x19, 0xff, 0x1d, 0x1a, 0x1c, 0xff, 0x1c, 0x19,
	0x22, 0xff, 0x1c, 0x18, 0x29, 0xff, 0x1b, 0x18, 0x33, 0xff, 0x1a, 0x18,
	0x47, 0xff, 0x1a, 0x18, 0x84, 0xff, 0x5a, 0x6d, 0xdf, 0xff, 0x60, 0x71,
	0xdf, 0xff, 0x18, 0x18, 0x88, 0xff, 0x19, 0x17, 0x57, 0xff, 0x19, 0x17,
	0x5c, 0xff, 0x1a, 0x1c, 0x97, 0xff, 0x57, 0x6e, 0xe9, 0xff, 0x3f, 0x4c,
	0xdc, 0xff, 0x19, 0x18, 0x7c, 0xff, 0x18, 0x17, 0x54, 0xff, 0x19, 0x18,
	0x59, 0xff, 0x19, 0x17, 0x94, 0xff, 0x81, 0x98, 0xec, 0xff, 0x3a, 0x42,
	0xda, 0xff, 0x17, 0x17, 0x7e, 0xff, 0x19, 0x17, 0x47, 0xff, 0x19, 0x17,
	0x40, 0xff, 0x1a, 0x17, 0x43, 0xff, 0x1a, 0x19, 0x57, 0xff, 0x19, 0x1c,
	0xb0, 0xff, 0x9b, 0xbe, 0xf4, 0xff, 0x19, 0x1f, 0xac, 0xff, 0x17, 0x17,
	0x5b, 0xff, 0x19, 0x17, 0x54, 0xff, 0x19, 0x19, 0x8f, 0xff, 0x79, 0x8f,
	0xe6, 0xff, 0x1a, 0x1e, 0xc2, 0xff, 0x18, 0x19, 0xc1, 0xff, 0x7f, 0x9d,
	0xec, 0xff, 0x18, 0x1b, 0xa8, 0xff, 0x19, 0x17, 0x60, 0xff, 0x18, 0x16,
	0x5c, 0xff, 0x19, 0x19, 0x98, 0xff, 0x79, 0x99, 0xea, 0xff, 0x31, 0x39,
	0xc4, 0xff, 0x1a, 0x19, 0x61, 0xff, 0x1b, 0x19, 0x3a, 0xff, 0x1b, 0x19,
	0x2d, 0xff, 0x1c, 0x19, 0x26, 0xff, 0x20, 0x1d, 0x22, 0xff, 0x1f, 0x1b,
	0x1a, 0xff, 0x1f, 0x1b, 0x17, 0xff, 0x20, 0x1b, 0x16, 0xff, 0x20, 0x1b,
	0x15, 0xff, 0x20, 0x1b, 0x15, 0xff, 0x20, 0x1b, 0x15, 0xff, 0x1e, 0x1a,
	0x17, 0xff, 0x0f, 0x10, 0x2b, 0xff, 0x36, 0x2f, 0x2b, 0xff, 0x44, 0x3f,
	0x44, 0xe2, 0x3d, 0x39, 0x3e, 0xea, 0x35, 0x31, 0x2f, 0xff, 0x0f, 0x10,
	0x2b, 0xff, 0x1d, 0x1a, 0x16, 0xff, 0x1e, 0x1a, 0x17, 0xff, 0x1e, 0x1b,
	0x17, 0xff, 0x1e, 0x1b, 0x19, 0xff, 0x1e, 0x1b, 0x1d, 0xff, 0x1e, 0x1a,
	0x22, 0xff, 0x1f, 0x1c, 0x2d, 0xff, 0x1c, 0x19, 0x33, 0xff, 0x1b, 0x18,
	0x43, 0xff, 0x1a, 0x18, 0x73, 0xff, 0x35, 0x3e, 0xca, 0xff, 0x7f, 0x97,
	0xea, 0xff, 0x17, 0x17, 0x9d, 0xff, 0x18, 0x17, 0x5a, 0xff, 0x19, 0x17,
	0x55, 0xff, 0x1a, 0x19, 0x7e, 0xff, 0x31, 0x3d, 0xdf, 0xff, 0xa6, 0xc1,
	0xf9, 0xff, 0x9c, 0xb6, 0xf7, 0xff, 0x1b, 0x1e, 0xc7, 0xff, 0x18, 0x18,
	0x68, 0xff, 0x18, 0x17, 0x53, 0xff, 0x1a, 0x19, 0x64, 0xff, 0x21, 0x24,
	0xc9, 0xff, 0xa8, 0xbd, 0xf4, 0xff, 0x1f, 0x23, 0xcc, 0xff, 0x1a, 0x1a,
	0x67, 0xff, 0x1a, 0x18, 0x4a, 0xff, 0x1a, 0x17, 0x44, 0xff, 0x1b, 0x18,
	0x4b, 0xff, 0x1b, 0x1a, 0x7a, 0xff, 0x56, 0x6a, 0xdf, 0xff, 0x5a, 0x6f,
	0xe2, 0xff, 0x18, 0x18, 0x76, 0xff, 0x19, 0x18, 0x53, 0xff, 0x1b, 0x1a,
	0x6d, 0xff, 0x3c, 0x48, 0xd8, 0xff, 0x66, 0x79, 0xee, 0xff, 0x4a, 0x63,
	0xed, 0xff, 0x49, 0x59, 0xd8, 0xff, 0x18, 0x18, 0x7a, 0xff, 0x18, 0x17,
	0x58, 0xff, 0x19, 0x18, 0x6c, 0xff, 0x28, 0x32, 0xcc, 0xff, 0x8c, 0xa4,
	0xec, 0xff, 0x1a, 0x19, 0x95, 0xff, 0x1b, 0x19, 0x4a, 0xff, 0x1b, 0x18,
	0x34, 0xff, 0x1c, 0x19, 0x27, 0xff, 0x1d, 0x1a, 0x21, 0xff, 0x1e, 0x1b,
	0x1c, 0xff, 0x1f, 0x1c, 0x19, 0xff, 0x1f, 0x1c, 0x17, 0xff, 0x20, 0x1c,
	0x16, 0xff, 0x21, 0x1c, 0x15, 0xff, 0x21, 0x1c, 0x15, 0xff, 0x20, 0x1c,
	0x15, 0xff, 0x1e, 0x1a, 0x17, 0xff, 0x11, 0x11, 0x29, 0xff, 0x37, 0x30,
	0x2c, 0xff, 0x46, 0x40, 0x44, 0xe1, 0x40, 0x3c, 0x40, 0xea, 0x37, 0x33,
	0x31, 0xff, 0x11, 0x12, 0x28, 0xff, 0x1e, 0x1a, 0x17, 0xff, 0x1e, 0x1a,
	0x17, 0xff, 0x2b, 0x27, 0x26, 0xff, 0x1e, 0x1a, 0x1d, 0xff, 0x1e, 0x1b,
	0x22, 0xff, 0x1d, 0x1a, 0x29, 0xff, 0x1d, 0x1a, 0x33, 0xff, 0x1c, 0x19,
	0x42, 0xff, 0x1c, 0x1a, 0x67, 0xff, 0x21, 0x26, 0xc0, 0xff, 0x93, 0xac,
	0xed, 0xff, 0x1d, 0x1e, 0xb8, 0xff, 0x19, 0x19, 0x63, 0xff, 0x19, 0x17,
	0x52, 0xff, 0x1a, 0x19, 0x64, 0xff, 0x1c, 0x1d, 0xbb, 0xff, 0x9a, 0xb4,
	0xf1, 0xff, 0x2e, 0x3b, 0xe1, 0xff, 0x39, 0x45, 0xdf, 0xff, 0x7a, 0x96,
	0xea, 0xff, 0x16, 0x17, 0xa9, 0xff, 0x19, 0x18, 0x5f, 0xff, 0x1a, 0x18,
	0x5a, 0xff, 0x1c, 0x1b, 0x84, 0xff, 0x41, 0x4d, 0xe7, 0xff, 0x96, 0xa8,
	0xf5, 0xff, 0x1a, 0x1d, 0xbf, 0xff, 0x1b, 0x19, 0x5f, 0xff, 0x1b, 0x17,
	0x4a, 0xff, 0x1b, 0x18, 0x4b, 0xff, 0x1d, 0x1a, 0x61, 0xff, 0x1c, 0x1d,
	0xb7, 0xff, 0x8f, 0xb2, 0xf1, 0xff, 0x18, 0x1b, 0xab, 0xff, 0x1a, 0x19,
	0x61, 0xff, 0x1c, 0x19, 0x5f, 0xff, 0x1c, 0x1f, 0xb2, 0xff, 0x91, 0xac,
	0xf6, 0xff, 0x82, 0xa9, 0xf4, 0xff, 0x19, 0x1a, 0xad, 0xff, 0x19, 0x18,
	0x60, 0xff, 0x19, 0x17, 0x58, 0xff, 0x1a, 0x18, 0x8e, 0xff, 0x7a, 0x96,
	0xe8, 0xff, 0x3b, 0x43, 0xcf, 0xff, 0x1b, 0x19, 0x6e, 0xff, 0x1c, 0x19,
	0x42, 0xff, 0x1f, 0x1c, 0x32, 0xff, 0x1e, 0x1a, 0x23, 0xff, 0x1e, 0x1b,
	0x1e, 0xff, 0x1f, 0x1c, 0x1a, 0xff, 0x20, 0x1c, 0x17, 0xff, 0x20, 0x1c,
	0x16, 0xff, 0x21, 0x1c, 0x16, 0xff, 0x21, 0x1d, 0x16, 0xff, 0x21, 0x1c,
	0x16, 0xff, 0x21, 0x1c, 0x16, 0xff, 0x20, 0x1c, 0x18, 0xff, 0x12, 0x12,
	0x28, 0xff, 0x3a, 0x33, 0x2e, 0xff, 0x47, 0x42, 0x46, 0xe1, 0x42, 0x3e,
	0x42, 0xeb, 0x39, 0x35, 0x34, 0xff, 0x13, 0x13, 0x23, 0xff, 0x1e, 0x1a,
	0x18, 0xff, 0x1f, 0x1a, 0x19, 0xff, 0x1e, 0x1a, 0x1c, 0xff, 0x1d, 0x1a,
	0x21, 0xff, 0x1d, 0x1a, 0x26, 0xff, 0x1d, 0x1a, 0x30, 0xff, 0x1c, 0x1a,
	0x3f, 0xff, 0x1c, 0x1b, 0x5b, 0xff, 0x1b, 0x1e, 0xaf, 0xff, 0x8c, 0xa6,
	0xef, 0xff, 0x36, 0x40, 0xce, 0xff, 0x1a, 0x1a, 0x76, 0xff, 0x19, 0x18,
	0x55, 0xff, 0x1a, 0x18, 0x5b, 0xff, 0x19, 0x18, 0x9e, 0xff, 0x6b, 0x83,
	0xe6, 0xff, 0x46, 0x52, 0xd8, 0xff, 0x19, 0x18, 0xa1, 0xff, 0x1a, 0x19,
	0xaa, 0xff, 0x65, 0x7b, 0xe3, 0xff, 0x58, 0x68, 0xe2, 0xff, 0x19, 0x1a,
	0x8d, 0xff, 0x1a, 0x18, 0x60, 0xff, 0x1c, 0x19, 0x62, 0xff, 0x1c, 0x1d,
	0xab, 0xff, 0x74, 0x86, 0xf2, 0xff, 0x64, 0x75, 0xf2, 0xff, 0x19, 0x1a,
	0x9a, 0xff, 0x1c, 0x1a, 0x5d, 0xff, 0x1c, 0x19, 0x51, 0xff, 0x1c, 0x1a,
	0x58, 0xff, 0x1d, 0x1b, 0x8c, 0xff, 0x65, 0x78, 0xe4, 0xff, 0x4e, 0x60,
	0xdf, 0xff, 0x1a, 0x1a, 0x7e, 0xff, 0x1b, 0x18, 0x5b, 0xff, 0x1c, 0x1b,
	0x7f, 0xff, 0x4d, 0x64, 0xe3, 0xff, 0x63, 0x7c, 0xe4, 0xff, 0x19, 0x19,
	0x87, 0xff, 0x19, 0x18, 0x5b, 0xff, 0x1a, 0x19, 0x68, 0xff, 0x23, 0x2c,
	0xbb, 0xff, 0x86, 0xa5, 0xee, 0xff, 0x1b, 0x1a, 0x9e, 0xff, 0x1c, 0x1a,
	0x4e, 0xff, 0x1d, 0x19, 0x3b, 0xff, 0x1e, 0x1a, 0x2a, 0xff, 0x1f, 0x1c,
	0x21, 0xff, 0x1f, 0x1c, 0x1c, 0xff, 0x20, 0x1c, 0x19, 0xff, 0x20, 0x1c,
	0x17, 0xff, 0x21, 0x1c, 0x16, 0xff, 0x21, 0x1c, 0x16, 0xff, 0x21, 0x1c,
	0x16, 0xff, 0x26, 0x21, 0x1d, 0xff, 0x22, 0x1d, 0x18, 0xff, 0x23, 0x1e,
	0x1b, 0xff, 0x14, 0x13, 0x27, 0xff, 0x3d, 0x35, 0x31, 0xff, 0x4a, 0x44,
	0x47, 0xe1, 0x44, 0x40, 0x44, 0xeb, 0x3b, 0x36, 0x36, 0xff, 0x14, 0x14,
	0x22, 0xff, 0x20, 0x1c, 0x1a, 0xff, 0x20, 0x1c, 0x1c, 0xff, 0x1f, 0x1b,
	0x20, 0xff, 0x1e, 0x1a, 0x25, 0xff, 0x1e, 0x1a, 0x2d, 0xff, 0x24, 0x21,
	0x3e, 0xff, 0x1c, 0x1a, 0x52, 0xff, 0x1c, 0x1c, 0x95, 0xff, 0x64, 0x7a,
	0xe6, 0xff, 0x58, 0x6a, 0xdf, 0xff, 0x1a, 0x1c, 0x88, 0xff, 0x1b, 0x19,
	0x5d, 0xff, 0x1c, 0x1a, 0x5f, 0xff, 0x1a, 0x1a, 0x8c, 0xff, 0x40, 0x4d,
	0xdb, 0xff, 0x6f, 0x8b, 0xe3, 0xff, 0x1a, 0x19, 0x99, 0xff, 0x1b, 0x19,
	0x6c, 0xff, 0x1b, 0x1a, 0x76, 0xff, 0x1b, 0x1d, 0xb6, 0xff, 0x8e, 0xa8,
	0xee, 0xff, 0x2e, 0x36, 0xd4, 0xff, 0x1a, 0x1a, 0x7f, 0xff, 0x1b, 0x19,
	0x60, 0xff, 0x1c, 0x1b, 0x74, 0xff, 0x1c, 0x21, 0xcd, 0xff, 0xa4, 0xbe,
	0xfb, 0xff, 0x2f, 0x3c, 0xe7, 0xff, 0x1a, 0x1a, 0x97, 0xff, 0x1c, 0x1b,
	0x63, 0xff, 0x1c, 0x1a, 0x5b, 0xff, 0x1d, 0x1b, 0x73, 0xff, 0x24, 0x29,
	0xca, 0xff, 0x9d, 0xb4, 0xf3, 0xff, 0x1a, 0x1c, 0xa9, 0xff, 0x1b, 0x18,
	0x5b, 0xff, 0x1c, 0x19, 0x59, 0xff, 0x1d, 0x1d, 0x89, 0xff, 0x1d, 0x20,
	0x95, 0xff, 0x1b, 0x19, 0x64, 0xff, 0x1a, 0x18, 0x60, 0xff, 0x1b, 0x1a,
	0x94, 0xff, 0x6f, 0x8c, 0xe9, 0xff, 0x3e, 0x49, 0xd2, 0xff, 0x1b, 0x1a,
	0x6e, 0xff, 0x1d, 0x19, 0x41, 0xff, 0x1e, 0x1a, 0x32, 0xff, 0x1f, 0x1b,
	0x26, 0xff, 0x20, 0x1c, 0x1f, 0xff, 0x20, 0x1c, 0x1b, 0xff, 0x21, 0x1d,
	0x19, 0xff, 0x22, 0x1d, 0x17, 0xff, 0x22, 0x1c, 0x16, 0xff, 0x21, 0x1c,
	0x16, 0xff, 0x21, 0x1c, 0x17, 0xff, 0x22, 0x1d, 0x18, 0xff, 0x23, 0x1d,
	0x18, 0xff, 0x22, 0x1d, 0x1a, 0xff, 0x14, 0x14, 0x27, 0xff, 0x40, 0x38,
	0x33, 0xff, 0x4d, 0x46, 0x49, 0xe1, 0x45, 0x41, 0x45, 0xeb, 0x3c, 0x38,
	0x38, 0xff, 0x15, 0x15, 0x21, 0xff, 0x20, 0x1d, 0x1c, 0xff, 0x21, 0x1d,
	0x20, 0xff, 0x20, 0x1c, 0x24, 0xff, 0x1f, 0x1b, 0x2b, 0xff, 0x1f, 0x1b,
	0x38, 0xff, 0x1e, 0x1b, 0x4f, 0xff, 0x1c, 0x1b, 0x82, 0xff, 0x3c, 0x4a,
	0xd2, 0xff, 0x72, 0x8f, 0xed, 0xff, 0x1a, 0x1b, 0x9d, 0xff, 0x1b, 0x19,
	0x63, 0xff, 0x1c, 0x19, 0x5c, 0xff, 0x1c, 0x1a, 0x7d, 0xff, 0x2a, 0x30,
	0xcf, 0xff, 0x95, 0xb4, 0xef, 0xff, 0x1d, 0x1f, 0xb1, 0xff, 0x1b, 0x1a,
	0x66, 0xff, 0x1b, 0x19, 0x53, 0xff, 0x1c, 0x1a, 0x59, 0xff, 0x1c, 0x1b,
	0x7a, 0xff, 0x26, 0x2c, 0xc7, 0xff, 0x90, 0xac, 0xef, 0xff, 0x1b, 0x1d,
	0xbd, 0xff, 0x1a, 0x19, 0x71, 0xff, 0x1c, 0x1a, 0x69, 0xff, 0x1c, 0x1b,
	0x96, 0xff, 0x3d, 0x68, 0xf5, 0xff, 0xbf, 0xd5, 0xfd, 0xff, 0x22, 0x3b,
	0xe8, 0xff, 0x1c, 0x1e, 0x9b, 0xff, 0x1c, 0x1b, 0x6c, 0xff, 0x1c, 0x1a,
	0x70, 0xff, 0x1c, 0x1c, 0xa9, 0xff, 0x7e, 0x8e, 0xea, 0xff, 0x3a, 0x47,
	0xd3, 0xff, 0x1b, 0x19, 0x6b, 0xff, 0x1c, 0x19, 0x50, 0xff, 0x1d, 0x19,
	0x52, 0xff, 0x1d, 0x1a, 0x57, 0xff, 0x1c, 0x19, 0x58, 0xff, 0x1c, 0x1a,
	0x72, 0xff, 0x23, 0x29, 0xc8, 0xff, 0x92, 0xaf, 0xf1, 0xff, 0x1b, 0x1c,
	0xaf, 0xff, 0x1d, 0x1b, 0x52, 0xff, 0x1e, 0x1a, 0x39, 0xff, 0x1f, 0x1b,
	0x2b, 0xff, 0x20, 0x1c, 0x22, 0xff, 0x21, 0x1c, 0x1e, 0xff, 0x22, 0x1d,
	0x1b, 0xff, 0x23, 0x1d, 0x19, 0xff, 0x23, 0x1d, 0x17, 0xff, 0x23, 0x1d,
	0x17, 0xff, 0x25, 0x1f, 0x1a, 0xff, 0x24, 0x1f, 0x1a, 0xff, 0x22, 0x1d,
	0x17, 0xff, 0x23, 0x1d, 0x17, 0xff, 0x22, 0x1e, 0x1a, 0xff, 0x14, 0x13,
	0x26, 0xff, 0x43, 0x3a, 0x35, 0xff, 0x50, 0x49, 0x4b, 0xe2, 0x47, 0x43,
	0x46, 0xea, 0x3e, 0x39, 0x39, 0xff, 0x15, 0x14, 0x21, 0xff, 0x20, 0x1d,
	0x1f, 0xff, 0x21, 0x1e, 0x24, 0xff, 0x20, 0x1d, 0x2a, 0xff, 0x1f, 0x1d,
	0x34, 0xff, 0x1f, 0x1d, 0x4a, 0xff, 0x1e, 0x1d, 0x7d, 0xff, 0x29, 0x33,
	0xc8, 0xff, 0x8d, 0xaf, 0xf2, 0xff, 0x1c, 0x20, 0xc5, 0xff, 0x1a, 0x19,
	0x6f, 0xff, 0x1c, 0x1a, 0x5f, 0xff, 0x1b, 0x19, 0x70, 0xff, 0x1d, 0x1e,
	0xb9, 0xff, 0x92, 0xae, 0xee, 0xff, 0x33, 0x3d, 0xd1, 0xff, 0x1c, 0x1c,
	0x79, 0xff, 0x1d, 0x1b, 0x51, 0xff, 0x1d, 0x1b, 0x49, 0xff, 0x1f, 0x1d,
	0x4a, 0xff, 0x1d, 0x1b, 0x53, 0xff, 0x1d, 0x1c, 0x82, 0xff, 0x40, 0x4d,
	0xd7, 0xff, 0x71, 0x89, 0xe8, 0xff, 0x18, 0x17, 0xab, 0xff, 0x1b, 0x1b,
	0x71, 0xff, 0x1d, 0x1c, 0x7c, 0xff, 0x20, 0x39, 0xcf, 0xff, 0x91, 0xdb,
	0xfe, 0xff, 0x99, 0xb9, 0xfe, 0xff, 0x22, 0x35, 0xe6, 0xff, 0x1d, 0x1f,
	0x96, 0xff, 0x1c, 0x1b, 0x75, 0xff, 0x1d, 0x1c, 0x85, 0xff, 0x29, 0x2e,
	0xcc, 0xff, 0x83, 0x9b, 0xea, 0xff, 0x1a, 0x19, 0x97, 0xff, 0x1d, 0x1a,
	0x57, 0xff, 0x1d, 0x19, 0x4f, 0xff, 0x1c, 0x19, 0x50, 0xff, 0x1c, 0x1a,
	0x59, 0xff, 0x1c, 0x1a, 0x8e, 0xff, 0x6a, 0x7f, 0xe5, 0xff, 0x49, 0x57,
	0xde, 0xff, 0x1d, 0x1d, 0x7d, 0xff, 0x1f, 0x1c, 0x47, 0xff, 0x1f, 0x1c,
	0x34, 0xff, 0x20, 0x1c, 0x27, 0xff, 0x21, 0x1d, 0x20, 0xff, 0x21, 0x1d,
	0x1d, 0xff, 0x24, 0x1f, 0x1d, 0xff, 0x23, 0x1e, 0x18, 0xff, 0x24, 0x1e,
	0x18, 0xff, 0x24, 0x1e, 0x18, 0xff, 0x23, 0x1d, 0x18, 0xff, 0x23, 0x1d,
	0x18, 0xff, 0x23, 0x1e, 0x18, 0xff, 0x23, 0x1e, 0x18, 0xff, 0x23, 0x1e,
	0x1a, 0xff, 0x13, 0x13, 0x24, 0xff, 0x45, 0x3d, 0x36, 0xff, 0x51, 0x4a,
	0x4b, 0xe2, 0x49, 0x44, 0x47, 0xea, 0x40, 0x3b, 0x3a, 0xff, 0x14, 0x14,
	0x21, 0xff, 0x20, 0x1d, 0x21, 0xff, 0x20, 0x1e, 0x28, 0xff, 0x20, 0x1d,
	0x30, 0xff, 0x20, 0x1e, 0x40, 0xff, 0x1f, 0x1e, 0x71, 0xff, 0x24, 0x2f,
	0xc7, 0xff, 0xa3, 0xbf, 0xf7, 0xff, 0x30, 0x40, 0xe7, 0xff, 0x1b, 0x1b,
	0x94, 0xff, 0x1a, 0x19, 0x6a, 0xff, 0x1b, 0x19, 0x70, 0xff, 0x1b, 0x1a,
	0xa1, 0xff, 0x67, 0x7d, 0xe2, 0xff, 0x57, 0x67, 0xe1, 0xff, 0x1d, 0x1d,
	0x88, 0xff, 0x1e, 0x1c, 0x53, 0xff, 0x20, 0x1d, 0x44, 0xff, 0x20, 0x1c,
	0x3c, 0xff, 0x1f, 0x1c, 0x3a, 0xff, 0x1f, 0x1c, 0x3f, 0xff, 0x1e, 0x1c,
	0x55, 0xff, 0x1c, 0x1c, 0x96, 0xff, 0x66, 0x80, 0xe2, 0xff, 0x47, 0x55,
	0xdc, 0xff, 0x1b, 0x1b, 0x94, 0xff, 0x1d, 0x1c, 0x7a, 0xff, 0x1e, 0x20,
	0xad, 0xff, 0x41, 0x95, 0xf1, 0xff, 0xca, 0xf2, 0xfe, 0xff, 0x6c, 0x9a,
	0xfd, 0xff, 0x1f, 0x2b, 0xd5, 0xff, 0x1c, 0x1c, 0x8b, 0xff, 0x1c, 0x1b,
	0x7e, 0xff, 0x1c, 0x1b, 0xa8, 0xff, 0x7f, 0x95, 0xeb, 0xff, 0x2a, 0x31,
	0xcf, 0xff, 0x1c, 0x1b, 0x76, 0xff, 0x1d, 0x1a, 0x59, 0xff, 0x1d, 0x1b,
	0x59, 0xff, 0x1d, 0x1b, 0x70, 0xff, 0x20, 0x22, 0xbb, 0xff, 0x8a, 0xaa,
	0xee, 0xff, 0x1c, 0x1c, 0xa9, 0xff, 0x1f, 0x1d, 0x5b, 0xff, 0x20, 0x1d,
	0x3c, 0xff, 0x20, 0x1d, 0x2f, 0xff, 0x22, 0x1e, 0x25, 0xff, 0x23, 0x1e,
	0x1f, 0xff, 0x23, 0x1e, 0x1b, 0xff, 0x23, 0x1e, 0x1a, 0xff, 0x24, 0x1e,
	0x18, 0xff, 0x26, 0x20, 0x1b, 0xff, 0x24, 0x1e, 0x18, 0xff, 0x24, 0x1e,
	0x18, 0xff, 0x24, 0x1f, 0x1a, 0xff, 0x24, 0x1e, 0x19, 0xff, 0x24, 0x1f,
	0x18, 0xff, 0x23, 0x1f, 0x1a, 0xff, 0x13, 0x13, 0x24, 0xff, 0x47, 0x3f,
	0x38, 0xff, 0x53, 0x4c, 0x4c, 0xe2, 0x4c, 0x47, 0x49, 0xea, 0x42, 0x3d,
	0x3d, 0xff, 0x13, 0x13, 0x21, 0xff, 0x20, 0x1d, 0x23, 0xff, 0x20, 0x1d,
	0x2a, 0xff, 0x20, 0x1e, 0x35, 0xff, 0x21, 0x1f, 0x51, 0xff, 0x1f, 0x23,
	0xba, 0xff, 0x87, 0x9c, 0xf4, 0xff, 0x5e, 0x7c, 0xf4, 0xff, 0x1c, 0x21,
	0xca, 0xff, 0x1b, 0x1d, 0xae, 0xff, 0x1b, 0x1c, 0xa2, 0xff, 0x1b, 0x1b,
	0xaf, 0xff, 0x3b, 0x49, 0xdb, 0xff, 0x7e, 0x99, 0xea, 0xff, 0x1b, 0x1b,
	0xa0, 0xff, 0x1e, 0x1c, 0x57, 0xff, 0x1f, 0x1c, 0x3f, 0xff, 0x20, 0x1d,
	0x35, 0xff, 0x21, 0x1d, 0x30, 0xff, 0x21, 0x1d, 0x30, 0xff, 0x21, 0x1d,
	0x34, 0xff, 0x20, 0x1d, 0x40, 0xff, 0x1f, 0x1d, 0x5f, 0xff, 0x1e, 0x1f,
	0xa5, 0xff, 0x89, 0xa8, 0xed, 0xff, 0x2c, 0x35, 0xd1, 0xff, 0x1c, 0x1d,
	0x87, 0xff, 0x1e, 0x1f, 0x93, 0xff, 0x27, 0x41, 0xd8, 0xff, 0x6e, 0xce,
	0xfc, 0xff, 0xe0, 0xf6, 0xfe, 0xff, 0x37, 0x6b, 0xfa, 0xff, 0x1d, 0x1f,
	0xb9, 0xff, 0x1c, 0x1b, 0x8b, 0xff, 0x1c, 0x1a, 0x90, 0xff, 0x33, 0x39,
	0xd2, 0xff, 0x81, 0x93, 0xf0, 0xff, 0x1a, 0x1c, 0xbe, 0xff, 0x1b, 0x1c,
	0x98, 0xff, 0x1c, 0x1d, 0x9a, 0xff, 0x1d, 0x1f, 0xb7, 0xff, 0x64, 0x7a,
	0xe9, 0xff, 0x4a, 0x5b, 0xdb, 0xff, 0x1e, 0x1d, 0x78, 0xff, 0x1f, 0x1d,
	0x4a, 0xff, 0x20, 0x1d, 0x34, 0xff, 0x21, 0x1e, 0x2a, 0xff, 0x23, 0x1f,
	0x24, 0xff, 0x24, 0x1f, 0x1e, 0xff, 0x24, 0x1f, 0x1b, 0xff, 0x24, 0x1f,
	0x19, 0xff, 0x24, 0x1f, 0x19, 0xff, 0x24, 0x1f, 0x1a, 0xff, 0x24, 0x1f,
	0x19, 0xff, 0x24, 0x1f, 0x19, 0xff, 0x24, 0x1f, 0x19, 0xff, 0x24, 0x1f,
	0x19, 0xff, 0x25, 0x20, 0x1a, 0xff, 0x25, 0x1f, 0x1b, 0xff, 0x13, 0x12,
	0x23, 0xff, 0x49, 0x41, 0x3a, 0xff, 0x56, 0x4e, 0x4e, 0xe2, 0x4f, 0x49,
	0x4b, 0xeb, 0x45, 0x40, 0x3f, 0xff, 0x12, 0x12, 0x21, 0xff, 0x20, 0x1d,
	0x25, 0xff, 0x21, 0x1e, 0x2d, 0xff, 0x21, 0x1e, 0x3b, 0xff, 0x21, 0x20,
	0x66, 0xff, 0x47, 0x58, 0xdf, 0xff, 0xd6, 0xec, 0xfb, 0xff, 0x94, 0xb1,
	0xf9, 0xff, 0x8b, 0xa3, 0xf1, 0xff, 0x84, 0x9d, 0xee, 0xff, 0x7f, 0x99,
	0xed, 0xff, 0x7a, 0x93, 0xed, 0xff, 0x92, 0xb4, 0xee, 0xff, 0x22, 0x25,
	0xb2, 0xff, 0x1f, 0x1d, 0x63, 0xff, 0x22, 0x1f, 0x43, 0xff, 0x21, 0x1d,
	0x32, 0xff, 0x22, 0x1e, 0x2b, 0xff, 0x22, 0x1e, 0x28, 0xff, 0x22, 0x1f,
	0x28, 0xff, 0x22, 0x1f, 0x2c, 0xff, 0x22, 0x1f, 0x33, 0xff, 0x21, 0x1e,
	0x43, 0xff, 0x20, 0x1f, 0x6a, 0xff, 0x2d, 0x35, 0xc7, 0xff, 0x90, 0xae,
	0xf1, 0xff, 0x1d, 0x20, 0xa1, 0xff, 0x1e, 0x1e, 0x79, 0xff, 0x1f, 0x1f,
	0xa7, 0xff, 0x2b, 0x58, 0xe9, 0xff, 0x6e, 0xc3, 0xfd, 0xff, 0xab, 0xd5,
	0xfd, 0xff, 0x20, 0x31, 0xde, 0xff, 0x1c, 0x1c, 0x8c, 0xff, 0x1c, 0x1c,
	0x77, 0xff, 0x1e, 0x1e, 0xa8, 0xff, 0x95, 0xa7, 0xef, 0xff, 0x8a, 0x9a,
	0xf1, 0xff, 0x82, 0x99, 0xeb, 0xff, 0x82, 0x9c, 0xec, 0xff, 0x89, 0x9f,
	0xf0, 0xff, 0xa1, 0xb9, 0xf4, 0xff, 0x1e, 0x21, 0xad, 0xff, 0x20, 0x1e,
	0x58, 0xff, 0x20, 0x1d, 0x3c, 0xff, 0x21, 0x1d, 0x2e, 0xff, 0x23, 0x1e,
	0x26, 0xff, 0x24, 0x20, 0x23, 0xff, 0x24, 0x20, 0x1e, 0xff, 0x24, 0x20,
	0x1b, 0xff, 0x25, 0x20, 0x1a, 0xff, 0x25, 0x20, 0x19, 0xff, 0x25, 0x20,
	0x19, 0xff, 0x25, 0x20, 0x19, 0xff, 0x25, 0x1f, 0x19, 0xff, 0x25, 0x1f,
	0x19, 0xff, 0x25, 0x20, 0x19, 0xff, 0x26, 0x20, 0x19, 0xff, 0x25, 0x20,
	0x1b, 0xff, 0x12, 0x12, 0x22, 0xff, 0x4b, 0x43, 0x3b, 0xff, 0x58, 0x50,
	0x50, 0xe2, 0x51, 0x4c, 0x4e, 0xea, 0x47, 0x42, 0x41, 0xff, 0x11, 0x12,
	0x21, 0xff, 0x22, 0x1f, 0x27, 0xff, 0x22, 0x1f, 0x2f, 0xff, 0x22, 0x20,
	0x3f, 0xff, 0x22, 0x21, 0x6e, 0xff, 0x1f, 0x25, 0xcb, 0xff, 0x29, 0x3e,
	0xe1, 0xff, 0x28, 0x37, 0xcf, 0xff, 0x28, 0x35, 0xc9, 0xff, 0x26, 0x2f,
	0xbe, 0xff, 0x25, 0x2d, 0xbc, 0xff, 0x26, 0x2d, 0xbd, 0xff, 0x20, 0x23,
	0xa6, 0xff, 0x20, 0x1f, 0x67, 0xff, 0x21, 0x1e, 0x44, 0xff, 0x21, 0x1d,
	0x33, 0xff, 0x23, 0x1e, 0x2a, 0xff, 0x23, 0x1f, 0x26, 0xff, 0x23, 0x1f,
	0x24, 0xff, 0x24, 0x20, 0x24, 0xff, 0x24, 0x20, 0x27, 0xff, 0x23, 0x20,
	0x2b, 0xff, 0x23, 0x1f, 0x36, 0xff, 0x22, 0x1f, 0x48, 0xff, 0x21, 0x21,
	0x72, 0xff, 0x2c, 0x3c, 0xc7, 0xff, 0x20, 0x29, 0xb9, 0xff, 0x1f, 0x1e,
	0x70, 0xff, 0x1f, 0x1f, 0x82, 0xff, 0x1c, 0x1c, 0xc9, 0xff, 0x28, 0x5c,
	0xf4, 0xff, 0x8a, 0xc7, 0xfc, 0xff, 0x58, 0x81, 0xf4, 0xff, 0x1d, 0x1f,
	0x9d, 0xff, 0x1e, 0x1e, 0x6f, 0xff, 0x1f, 0x1f, 0x7e, 0xff, 0x23, 0x28,
	0xb6, 0xff, 0x2b, 0x37, 0xcc, 0xff, 0x24, 0x2f, 0xc9, 0xff, 0x22, 0x2c,
	0xc7, 0xff, 0x25, 0x2f, 0xcf, 0xff, 0x23, 0x2a, 0xc0, 0xff, 0x21, 0x21,
	0x6e, 0xff, 0x22, 0x1f, 0x45, 0xff, 0x21, 0x1e, 0x36, 0xff, 0x22, 0x1e,
	0x2a, 0xff, 0x23, 0x1f, 0x22, 0xff, 0x24, 0x1f, 0x1f, 0xff, 0x24, 0x20,
	0x1d, 0xff, 0x25, 0x20, 0x1c, 0xff, 0x25, 0x21, 0x1b, 0xff, 0x25, 0x21,
	0x1a, 0xff, 0x26, 0x21, 0x1a, 0xff, 0x26, 0x20, 0x1a, 0xff, 0x25, 0x20,
	0x1a, 0xff, 0x26, 0x20, 0x1a, 0xff, 0x26, 0x21, 0x1a, 0xff, 0x27, 0x21,
	0x1a, 0xff, 0x26, 0x20, 0x1b, 0xff, 0x13, 0x12, 0x21, 0xff, 0x4d, 0x44,
	0x3c, 0xff, 0x5a, 0x53, 0x52, 0xe2, 0x54, 0x4e, 0x50, 0xea, 0x4a, 0x44,
	0x42, 0xff, 0x11, 0x12, 0x21, 0xff, 0x24, 0x20, 0x27, 0xff, 0x23, 0x20,
	0x2e, 0xff, 0x23, 0x20, 0x38, 0xff, 0x22, 0x21, 0x4f, 0xff, 0x22, 0x21,
	0x60, 0xff, 0x21, 0x20, 0x62, 0xff, 0x21, 0x20, 0x60, 0xff, 0x21, 0x1f,
	0x5e, 0xff, 0x21, 0x1f, 0x5d, 0xff, 0x21, 0x1f, 0x5d, 0xff, 0x22, 0x20,
	0x5b, 0xff, 0x22, 0x20, 0x54, 0xff, 0x22, 0x1f, 0x44, 0xff, 0x23, 0x1f,
	0x36, 0xff, 0x23, 0x1f, 0x2c, 0xff, 0x24, 0x20, 0x26, 0xff, 0x25, 0x20,
	0x22, 0xff, 0x27, 0x22, 0x22, 0xff, 0x26, 0x21, 0x21, 0xff, 0x26, 0x21,
	0x22, 0xff, 0x25, 0x21, 0x27, 0xff, 0x25, 0x21, 0x2f, 0xff, 0x22, 0x1f,
	0x37, 0xff, 0x22, 0x20, 0x43, 0xff, 0x22, 0x21, 0x5c, 0xff, 0x20, 0x26,
	0xba, 0xff, 0x1f, 0x20, 0x73, 0xff, 0x21, 0x20, 0x67, 0xff, 0x20, 0x1f,
	0x8d, 0xff, 0x1e, 0x25, 0xc8, 0xff, 0x28, 0x4b, 0xf2, 0xff, 0x3e, 0x84,
	0xf4, 0xff, 0x22, 0x2e, 0xce, 0xff, 0x20, 0x20, 0x79, 0xff, 0x20, 0x1f,
	0x63, 0xff, 0x21, 0x1f, 0x66, 0xff, 0x20, 0x20, 0x69, 0xff, 0x21, 0x20,
	0x63, 0xff, 0x22, 0x21, 0x60, 0xff, 0x23, 0x22, 0x61, 0xff, 0x22, 0x20,
	0x55, 0xff, 0x23, 0x20, 0x43, 0xff, 0x23, 0x20, 0x38, 0xff, 0x24, 0x20,
	0x31, 0xff, 0x3a, 0x35, 0x3c, 0xff, 0x24, 0x20, 0x21, 0xff, 0x26, 0x21,
	0x20, 0xff, 0x25, 0x20, 0x1c, 0xff, 0x26, 0x21, 0x1c, 0xff, 0x26, 0x21,
	0x1b, 0xff, 0x28, 0x23, 0x1d, 0xff, 0x27, 0x21, 0x1c, 0xff, 0x27, 0x21,
	0x1b, 0xff, 0x2e, 0x28, 0x23, 0xff, 0x27, 0x22, 0x1c, 0xff, 0x27, 0x21,
	0x1b, 0xff, 0x27, 0x21, 0x1a, 0xff, 0x26, 0x21, 0x1b, 0xff, 0x13, 0x12,
	0x20, 0xff, 0x4f, 0x46, 0x3d, 0xff, 0x5d, 0x55, 0x54, 0xe2, 0x56, 0x50,
	0x51, 0xea, 0x4c, 0x46, 0x43, 0xff, 0x11, 0x12, 0x21, 0xff, 0x25, 0x21,
	0x25, 0xff, 0x25, 0x20, 0x2b, 0xff, 0x24, 0x20, 0x31, 0xff, 0x23, 0x20,
	0x39, 0xff, 0x23, 0x1f, 0x3c, 0xff, 0x22, 0x1f, 0x3e, 0xff, 0x22, 0x1f,
	0x3f, 0xff, 0x22, 0x1f, 0x3f, 0xff, 0x23, 0x1f, 0x3e, 0xff, 0x23, 0x1f,
	0x3e, 0xff, 0x23, 0x20, 0x3c, 0xff, 0x23, 0x20, 0x39, 0xff, 0x23, 0x20,
	0x34, 0xff, 0x24, 0x20, 0x2d, 0xff, 0x25, 0x21, 0x27, 0xff, 0x26, 0x21,
	0x23, 0xff, 0x27, 0x22, 0x20, 0xff, 0x27, 0x22, 0x1f, 0xff, 0x27, 0x22,
	0x1f, 0xff, 0x27, 0x22, 0x1f, 0xff, 0x27, 0x22, 0x22, 0xff, 0x26, 0x21,
	0x27, 0xff, 0x24, 0x20, 0x2c, 0xff, 0x24, 0x20, 0x33, 0xff, 0x23, 0x20,
	0x3f, 0xff, 0x24, 0x23, 0x57, 0xff, 0x1f, 0x1e, 0x8f, 0xff, 0x21, 0x20,
	0x5a, 0xff, 0x22, 0x20, 0x5d, 0xff, 0x22, 0x21, 0x78, 0xff, 0x24, 0x2b,
	0xb5, 0xff, 0x25, 0x32, 0xe4, 0xff, 0x2c, 0x50, 0xe9, 0xff, 0x21, 0x24,
	0x9c, 0xff, 0x21, 0x20, 0x60, 0xff, 0x23, 0x20, 0x50, 0xff, 0x23, 0x20,
	0x48, 0xff, 0x23, 0x20, 0x42, 0xff, 0x23, 0x20, 0x40, 0xff, 0x24, 0x20,
	0x3e, 0xff, 0x24, 0x20, 0x38, 0xff, 0x24, 0x20, 0x32, 0xff, 0x24, 0x20,
	0x2c, 0xff, 0x26, 0x21, 0x27, 0xff, 0x27, 0x22, 0x23, 0xff, 0x27, 0x21,
	0x20, 0xff, 0x29, 0x23, 0x1f, 0xff, 0x27, 0x21, 0x1c, 0xff, 0x28, 0x22,
	0x1c, 0xff, 0x28, 0x22, 0x1b, 0xff, 0x28, 0x22, 0x1c, 0xff, 0x27, 0x22,
	0x1b, 0xff, 0x27, 0x22, 0x1b, 0xff, 0x28, 0x22, 0x1c, 0xff, 0x28, 0x22,
	0x1c, 0xff, 0x27, 0x22, 0x1b, 0xff, 0x2d, 0x27, 0x21, 0xff, 0x27, 0x22,
	0x1c, 0xff, 0x12, 0x12, 0x1f, 0xff, 0x51, 0x48, 0x3f, 0xff, 0x5e, 0x56,
	0x56, 0xe2, 0x58, 0x52, 0x52, 0xea, 0x4f, 0x47, 0x43, 0xff, 0x10, 0x11,
	0x1e, 0xff, 0x26, 0x22, 0x23, 0xff, 0x2b, 0x27, 0x2c, 0xff, 0x26, 0x22,
	0x29, 0xff, 0x26, 0x21, 0x2c, 0xff, 0x27, 0x22, 0x32, 0xff, 0x24, 0x1f,
	0x2f, 0xff, 0x26, 0x22, 0x32, 0xff, 0x24, 0x1f, 0x30, 0xff, 0x24, 0x1f,
	0x30, 0xff, 0x23, 0x1f, 0x2f, 0xff, 0x24, 0x20, 0x2f, 0xff, 0x24, 0x20,
	0x2d, 0xff, 0x24, 0x20, 0x2a, 0xff, 0x25, 0x21, 0x27, 0xff, 0x27, 0x22,
	0x24, 0xff, 0x28, 0x22, 0x21, 0xff, 0x28, 0x23, 0x1f, 0xff, 0x28, 0x23,
	0x1e, 0xff, 0x28, 0x23, 0x1e, 0xff, 0x28, 0x22, 0x1e, 0xff, 0x27, 0x22,
	0x20, 0xff, 0x27, 0x22, 0x23, 0xff, 0x26, 0x21, 0x26, 0xff, 0x25, 0x21,
	0x2b, 0xff, 0x24, 0x20, 0x33, 0xff, 0x24, 0x21, 0x3d, 0xff, 0x25, 0x23,
	0x5b, 0xff, 0x23, 0x22, 0x62, 0xff, 0x22, 0x20, 0x52, 0xff, 0x23, 0x22,
	0x5d, 0xff, 0x26, 0x27, 0x7d, 0xff, 0x23, 0x27, 0xb0, 0xff, 0x25, 0x32,
	0xd9, 0xff, 0x24, 0x36, 0xc5, 0xff, 0x23, 0x21, 0x6b, 0xff, 0x23, 0x1f,
	0x48, 0xff, 0x23, 0x1f, 0x3f, 0xff, 0x23, 0x1f, 0x39, 0xff, 0x23, 0x1f,
	0x35, 0xff, 0x24, 0x20, 0x31, 0xff, 0x24, 0x20, 0x2d, 0xff, 0x25, 0x21,
	0x29, 0xff, 0x26, 0x21, 0x25, 0xff, 0x27, 0x22, 0x22, 0xff, 0x28, 0x22,
	0x20, 0xff, 0x28, 0x22, 0x1e, 0xff, 0x29, 0x23, 0x1d, 0xff, 0x29, 0x23,
	0x1c, 0xff, 0x29, 0x22, 0x1c, 0xff, 0x29, 0x22, 0x1c, 0xff, 0x28, 0x22,
	0x1c, 0xff, 0x28, 0x22, 0x1c, 0xff, 0x28, 0x22, 0x1b, 0xff, 0x28, 0x23,
	0x1b, 0xff, 0x29, 0x23, 0x1b, 0xff, 0x29, 0x23, 0x1c, 0xff, 0x29, 0x23,
	0x1c, 0xff, 0x28, 0x23, 0x1d, 0xff, 0x12, 0x11, 0x1d, 0xff, 0x53, 0x49,
	0x41, 0xff, 0x61, 0x59, 0x58, 0xe2, 0x5b, 0x54, 0x53, 0xeb, 0x50, 0x48,
	0x44, 0xff, 0x10, 0x10, 0x1c, 0xff, 0x26, 0x21, 0x20, 0xff, 0x27, 0x22,
	0x23, 0xff, 0x27, 0x23, 0x23, 0xff, 0x27, 0x23, 0x25, 0xff, 0x27, 0x22,
	0x26, 0xff, 0x26, 0x22, 0x27, 0xff, 0x26, 0x21, 0x27, 0xff, 0x25, 0x20,
	0x28, 0xff, 0x25, 0x20, 0x28, 0xff, 0x25, 0x20, 0x26, 0xff, 0x26, 0x21,
	0x25, 0xff, 0x26, 0x21, 0x25, 0xff, 0x26, 0x22, 0x23, 0xff, 0x2a, 0x25,
	0x26, 0xff, 0x28, 0x23, 0x21, 0xff, 0x28, 0x23, 0x1f, 0xff, 0x28, 0x23,
	0x1e, 0xff, 0x28, 0x23, 0x1e, 0xff, 0x28, 0x23, 0x1e, 0xff, 0x29, 0x23,
	0x1d, 0xff, 0x28, 0x23, 0x1e, 0xff, 0x28, 0x23, 0x20, 0xff, 0x27, 0x23,
	0x23, 0xff, 0x27, 0x22, 0x27, 0xff, 0x26, 0x22, 0x2c, 0xff, 0x25, 0x22,
	0x33, 0xff, 0x26, 0x23, 0x3d, 0xff, 0x27, 0x25, 0x51, 0xff, 0x23, 0x23,
	0x4e, 0xff, 0x24, 0x23, 0x4d, 0xff, 0x27, 0x26, 0x57, 0xff, 0x26, 0x25,
	0x61, 0xff, 0x24, 0x24, 0x7c, 0xff, 0x23, 0x31, 0xce, 0xff, 0x23, 0x26,
	0x88, 0xff, 0x24, 0x21, 0x4b, 0xff, 0x24, 0x1f, 0x3c, 0xff, 0x23, 0x1f,
	0x35, 0xff, 0x25, 0x20, 0x2f, 0xff, 0x25, 0x21, 0x29, 0xff, 0x26, 0x22,
	0x26, 0xff, 0x27, 0x23, 0x24, 0xff, 0x27, 0x23, 0x21, 0xff, 0x28, 0x23,
	0x1f, 0xff, 0x28, 0x23, 0x1e, 0xff, 0x2a, 0x23, 0x1d, 0xff, 0x2a, 0x23,
	0x1d, 0xff, 0x2a, 0x24, 0x1d, 0xff, 0x2a, 0x24, 0x1e, 0xff, 0x2a, 0x23,
	0x1d, 0xff, 0x29, 0x23, 0x1e, 0xff, 0x29, 0x23, 0x1c, 0xff, 0x29, 0x23,
	0x1c, 0xff, 0x29, 0x23, 0x1c, 0xff, 0x29, 0x23, 0x1c, 0xff, 0x29, 0x23,
	0x1c, 0xff, 0x2a, 0x23, 0x1c, 0xff, 0x28, 0x23, 0x1d, 0xff, 0x12, 0x11,
	0x1c, 0xff, 0x55, 0x4b, 0x43, 0xff, 0x63, 0x5b, 0x59, 0xe2, 0x5c, 0x55,
	0x54, 0xea, 0x52, 0x4a, 0x45, 0xff, 0x0f, 0x10, 0x1b, 0xff, 0x27, 0x22,
	0x1e, 0xff, 0x28, 0x23, 0x1f, 0xff, 0x28, 0x23, 0x20, 0xff, 0x27, 0x23,
	0x21, 0xff, 0x27, 0x23, 0x21, 0xff, 0x27, 0x23, 0x22, 0xff, 0x28, 0x23,
	0x24, 0xff, 0x28, 0x23, 0x25, 0xff, 0x28, 0x24, 0x25, 0xff, 0x27, 0x22,
	0x22, 0xff, 0x27, 0x22, 0x21, 0xff, 0x28, 0x23, 0x20, 0xff, 0x28, 0x23,
	0x1f, 0xff, 0x28, 0x23, 0x1f, 0xff, 0x28, 0x23, 0x1e, 0xff, 0x28, 0x23,
	0x1e, 0xff, 0x2f, 0x2a, 0x25, 0xff, 0x2d, 0x27, 0x22, 0xff, 0x2a, 0x24,
	0x1d, 0xff, 0x29, 0x23, 0x1d, 0xff, 0x29, 0x23, 0x1e, 0xff, 0x29, 0x23,
	0x1f, 0xff, 0x28, 0x23, 0x21, 0xff, 0x28, 0x23, 0x23, 0xff, 0x28, 0x23,
	0x27, 0xff, 0x2a, 0x25, 0x30, 0xff, 0x27, 0x23, 0x34, 0xff, 0x27, 0x24,
	0x3b, 0xff, 0x26, 0x24, 0x45, 0xff, 0x25, 0x23, 0x41, 0xff, 0x25, 0x23,
	0x41, 0xff, 0x24, 0x22, 0x43, 0xff, 0x25, 0x23, 0x4b, 0xff, 0x25, 0x25,
	0x7a, 0xff, 0x23, 0x2c, 0xb7, 0xff, 0x26, 0x24, 0x5b, 0xff, 0x25, 0x21,
	0x3d, 0xff, 0x27, 0x22, 0x36, 0xff, 0x27, 0x22, 0x2b, 0xff, 0x27, 0x23,
	0x26, 0xff, 0x27, 0x23, 0x23, 0xff, 0x28, 0x23, 0x20, 0xff, 0x28, 0x23,
	0x1f, 0xff, 0x29, 0x23, 0x1d, 0xff, 0x2a, 0x24, 0x1d, 0xff, 0x2a, 0x24,
	0x1c, 0xff, 0x2a, 0x23, 0x1d, 0xff, 0x2a, 0x23, 0x1d, 0xff, 0x29, 0x23,
	0x1e, 0xff, 0x2a, 0x24, 0x1d, 0xff, 0x2a, 0x23, 0x1d, 0xff, 0x2a, 0x23,
	0x1d, 0xff, 0x2a, 0x23, 0x1d, 0xff, 0x2a, 0x23, 0x1c, 0xff, 0x2a, 0x23,
	0x1c, 0xff, 0x2a, 0x23, 0x1c, 0xff, 0x2b, 0x24, 0x1c, 0xff, 0x29, 0x23,
	0x1d, 0xff, 0x12, 0x11, 0x1a, 0xff, 0x57, 0x4d, 0x44, 0xff, 0x65, 0x5c,
	0x5b, 0xe2, 0x5d, 0x56, 0x55, 0xea, 0x54, 0x4b, 0x46, 0xff, 0x0f, 0x0f,
	0x1a, 0xff, 0x28, 0x23, 0x1d, 0xff, 0x28, 0x23, 0x1d, 0xff, 0x28, 0x23,
	0x1d, 0xff, 0x28, 0x23, 0x1e, 0xff, 0x28, 0x23, 0x1f, 0xff, 0x28, 0x24,
	0x1f, 0xff, 0x2e, 0x28, 0x25, 0xff, 0x2f, 0x29, 0x26, 0xff, 0x29, 0x24,
	0x20, 0xff, 0x29, 0x23, 0x1f, 0xff, 0x29, 0x23, 0x1e, 0xff, 0x29, 0x23,
	0x1e, 0xff, 0x29, 0x23, 0x1e, 0xff, 0x29, 0x24, 0x1d, 0xff, 0x29, 0x24,
	0x1e, 0xff, 0x29, 0x24, 0x1e, 0xff, 0x2c, 0x25, 0x20, 0xff, 0x2a, 0x24,
	0x1f, 0xff, 0x2b, 0x24, 0x1d, 0xff, 0x2b, 0x24, 0x1e, 0xff, 0x2b, 0x24,
	0x1e, 0xff, 0x2a, 0x24, 0x1e, 0xff, 0x29, 0x24, 0x1f, 0xff, 0x29, 0x24,
	0x21, 0xff, 0x29, 0x24, 0x24, 0xff, 0x31, 0x2c, 0x2f, 0xff, 0x2a, 0x25,
	0x2e, 0xff, 0x28, 0x24, 0x31, 0xff, 0x28, 0x24, 0x35, 0xff, 0x26, 0x23,
	0x37, 0xff, 0x26, 0x23, 0x36, 0xff, 0x25, 0x23, 0x38, 0xff, 0x27, 0x25,
	0x3f, 0xff, 0x26, 0x24, 0x48, 0xff, 0x27, 0x28, 0x78, 0xff, 0x23, 0x25,
	0x8f, 0xff, 0x26, 0x24, 0x42, 0xff, 0x27, 0x23, 0x33, 0xff, 0x28, 0x23,
	0x2b, 0xff, 0x28, 0x24, 0x25, 0xff, 0x28, 0x24, 0x22, 0xff, 0x29, 0x24,
	0x1f, 0xff, 0x2a, 0x24, 0x1d, 0xff, 0x2a, 0x24, 0x1d, 0xff, 0x2b, 0x24,
	0x1d, 0xff, 0x2a, 0x24, 0x1d, 0xff, 0x2a, 0x24, 0x1e, 0xff, 0x2a, 0x24,
	0x1d, 0xff, 0x2a, 0x24, 0x1d, 0xff, 0x2a, 0x24, 0x1d, 0xff, 0x2a, 0x24,
	0x1d, 0xff, 0x2d, 0x27, 0x22, 0xff, 0x2b, 0x24, 0x1e, 0xff, 0x2b, 0x24,
	0x1d, 0xff, 0x2b, 0x24, 0x1d, 0xff, 0x2b, 0x24, 0x1d, 0xff, 0x2b, 0x24,
	0x1d, 0xff, 0x29, 0x24, 0x1e, 0xff, 0x12, 0x11, 0x1a, 0xff, 0x59, 0x4e,
	0x46, 0xff, 0x66, 0x5d, 0x5b, 0xe2, 0x5f, 0x57, 0x56, 0xe9, 0x55, 0x4c,
	0x48, 0xff, 0x0f, 0x0f, 0x19, 0xff, 0x29, 0x23, 0x1e, 0xff, 0x29, 0x24,
	0x1d, 0xff, 0x2a, 0x24, 0x1d, 0xff, 0x29, 0x24, 0x1d, 0xff, 0x29, 0x24,
	0x1d, 0xff, 0x2a, 0x24, 0x1d, 0xff, 0x2b, 0x25, 0x1e, 0xff, 0x2b, 0x25,
	0x1e, 0xff, 0x2b, 0x24, 0x1e, 0xff, 0x2b, 0x25, 0x1e, 0xff, 0x2b, 0x24,
	0x1e, 0xff, 0x2b, 0x24, 0x1e, 0xff, 0x2b, 0x24, 0x1e, 0xff, 0x2a, 0x23,
	0x1e, 0xff, 0x2b, 0x24, 0x1e, 0xff, 0x2a, 0x24, 0x1e, 0xff, 0x2b, 0x24,
	0x1e, 0xff, 0x2b, 0x25, 0x1e, 0xff, 0x2c, 0x25, 0x1f, 0xff, 0x2b, 0x25,
	0x1f, 0xff, 0x2f, 0x28, 0x22, 0xff, 0x2b, 0x25, 0x1e, 0xff, 0x2b, 0x25,
	0x1e, 0xff, 0x2b, 0x25, 0x1f, 0xff, 0x2b, 0x25, 0x21, 0xff, 0x2a, 0x25,
	0x24, 0xff, 0x2a, 0x25, 0x26, 0xff, 0x29, 0x25, 0x29, 0xff, 0x29, 0x24,
	0x2b, 0xff, 0x28, 0x24, 0x2d, 0xff, 0x27, 0x24, 0x2e, 0xff, 0x28, 0x24,
	0x2f, 0xff, 0x28, 0x24, 0x33, 0xff, 0x27, 0x24, 0x37, 0xff, 0x28, 0x25,
	0x45, 0xff, 0x28, 0x27, 0x78, 0xff, 0x26, 0x27, 0x63, 0xff, 0x28, 0x24,
	0x36, 0xff, 0x28, 0x24, 0x2d, 0xff, 0x29, 0x24, 0x26, 0xff, 0x29, 0x24,
	0x22, 0xff, 0x2a, 0x24, 0x1f, 0xff, 0x2b, 0x24, 0x1e, 0xff, 0x2b, 0x24,
	0x1d, 0xff, 0x2b, 0x24, 0x1d, 0xff, 0x2b, 0x24, 0x1e, 0xff, 0x2d, 0x27,
	0x20, 0xff, 0x2b, 0x24, 0x1d, 0xff, 0x2b, 0x25, 0x1d, 0xff, 0x2b, 0x25,
	0x1d, 0xff, 0x2b, 0x25, 0x1f, 0xff, 0x2b, 0x25, 0x1e, 0xff, 0x2b, 0x25,
	0x1e, 0xff, 0x2b, 0x25, 0x1e, 0xff, 0x2b, 0x24, 0x1e, 0xff, 0x2e, 0x26,
	0x21, 0xff, 0x2c, 0x25, 0x1e, 0xff, 0x2a, 0x24, 0x1f, 0xff, 0x13, 0x11,
	0x19, 0xff, 0x5b, 0x51, 0x48, 0xff, 0x68, 0x5f, 0x5c, 0xe2, 0x61, 0x59,
	0x57, 0xe1, 0x56, 0x4d, 0x49, 0xff, 0x11, 0x11, 0x1a, 0xff, 0x29, 0x23,
	0x1e, 0xff, 0x2a, 0x24, 0x1e, 0xff, 0x2b, 0x25, 0x1d, 0xff, 0x2b, 0x24,
	0x1d, 0xff, 0x2b, 0x24, 0x1d, 0xff, 0x2b, 0x25, 0x1e, 0xff, 0x2b, 0x25,
	0x1f, 0xff, 0x2c, 0x25, 0x1e, 0xff, 0x2c, 0x25, 0x1e, 0xff, 0x2c, 0x25,
	0x1f, 0xff, 0x2c, 0x25, 0x1f, 0xff, 0x2b, 0x24, 0x1e, 0xff, 0x2b, 0x24,
	0x1e, 0xff, 0x33, 0x2d, 0x27, 0xff, 0x2b, 0x25, 0x1e, 0xff, 0x2b, 0x25,
	0x1f, 0xff, 0x2c, 0x25, 0x1f, 0xff, 0x2c, 0x26, 0x1f, 0xff, 0x2c, 0x26,
	0x1f, 0xff, 0x2c, 0x26, 0x1f, 0xff, 0x2c, 0x26, 0x1f, 0xff, 0x2c, 0x26,
	0x1e, 0xff, 0x2c, 0x26, 0x1e, 0xff, 0x2c, 0x26, 0x1f, 0xff, 0x2c, 0x26,
	0x20, 0xff, 0x2c, 0x26, 0x21, 0xff, 0x2b, 0x26, 0x23, 0xff, 0x2a, 0x25,
	0x25, 0xff, 0x2a, 0x25, 0x26, 0xff, 0x2a, 0x25, 0x27, 0xff, 0x2a, 0x25,
	0x28, 0xff, 0x2a, 0x25, 0x2a, 0xff, 0x29, 0x25, 0x2c, 0xff, 0x29, 0x25,
	0x2f, 0xff, 0x28, 0x25, 0x36, 0xff, 0x2a, 0x27, 0x41, 0xff, 0x2a, 0x2a,
	0x6a, 0xff, 0x29, 0x27, 0x40, 0xff, 0x29, 0x24, 0x30, 0xff, 0x29, 0x24,
	0x28, 0xff, 0x2a, 0x25, 0x23, 0xff, 0x2b, 0x25, 0x20, 0xff, 0x2c, 0x25,
	0x1f, 0xff, 0x2c, 0x25, 0x1e, 0xff, 0x2c, 0x25, 0x1d, 0xff, 0x2c, 0x25,
	0x1e, 0xff, 0x2c, 0x26, 0x1e, 0xff, 0x2c, 0x25, 0x1d, 0xff, 0x2b, 0x26,
	0x1e, 0xff, 0x2c, 0x26, 0x1e, 0xff, 0x2c, 0x26, 0x1f, 0xff, 0x2c, 0x26,
	0x1e, 0xff, 0x2c, 0x26, 0x1e, 0xff, 0x2c, 0x26, 0x1e, 0xff, 0x2c, 0x25,
	0x1f, 0xff, 0x2c, 0x25, 0x1f, 0xff, 0x2c, 0x25, 0x1f, 0xff, 0x29, 0x24,
	0x1e, 0xff, 0x16, 0x13, 0x1a, 0xff, 0x5e, 0x54, 0x4b, 0xff, 0x6a, 0x61,
	0x5e, 0xde, 0x67, 0x5f, 0x5c, 0xcf, 0x58, 0x4f, 0x4a, 0xff, 0x1b, 0x19,
	0x21, 0xff, 0x26, 0x21, 0x1d, 0xff, 0x2b, 0x25, 0x1f, 0xff, 0x2c, 0x25,
	0x1e, 0xff, 0x2b, 0x25, 0x1e, 0xff, 0x2b, 0x25, 0x1e, 0xff, 0x2c, 0x25,
	0x1f, 0xff, 0x2b, 0x25, 0x1f, 0xff, 0x2c, 0x26, 0x1f, 0xff, 0x2c, 0x26,
	0x1f, 0xff, 0x2c, 0x26, 0x1f, 0xff, 0x2f, 0x28, 0x23, 0xff, 0x2c, 0x26,
	0x1f, 0xff, 0x2c, 0x25, 0x1f, 0xff, 0x2c, 0x25, 0x1f, 0xff, 0x2c, 0x26,
	0x1f, 0xff, 0x2c, 0x26, 0x1f, 0xff, 0x2e, 0x28, 0x22, 0xff, 0x2d, 0x26,
	0x1f, 0xff, 0x2d, 0x27, 0x1f, 0xff, 0x2d, 0x27, 0x1f, 0xff, 0x2d, 0x27,
	0x1f, 0xff, 0x2d, 0x27, 0x1f, 0xff, 0x2d, 0x27, 0x1f, 0xff, 0x2d, 0x27,
	0x1f, 0xff, 0x2d, 0x27, 0x20, 0xff, 0x2d, 0x27, 0x20, 0xff, 0x2d, 0x28,
	0x23, 0xff, 0x30, 0x2b, 0x27, 0xff, 0x2c, 0x26, 0x23, 0xff, 0x2c, 0x26,
	0x23, 0xff, 0x2b, 0x26, 0x24, 0xff, 0x2b, 0x26, 0x26, 0xff, 0x2b, 0x27,
	0x27, 0xff, 0x2b, 0x26, 0x2a, 0xff, 0x2a, 0x26, 0x2e, 0xff, 0x2a, 0x26,
	0x34, 0xff, 0x2b, 0x27, 0x40, 0xff, 0x2a, 0x28, 0x4f, 0xff, 0x29, 0x25,
	0x33, 0xff, 0x2c, 0x28, 0x2e, 0xff, 0x2a, 0x25, 0x24, 0xff, 0x2b, 0x26,
	0x22, 0xff, 0x2c, 0x26, 0x20, 0xff, 0x2c, 0x26, 0x1f, 0xff, 0x2d, 0x26,
	0x1f, 0xff, 0x2d, 0x26, 0x1f, 0xff, 0x2c, 0x26, 0x1e, 0xff, 0x2c, 0x25,
	0x1e, 0xff, 0x2b, 0x25, 0x1e, 0xff, 0x2c, 0x26, 0x1f, 0xff, 0x2c, 0x26,
	0x1f, 0xff, 0x2c, 0x26, 0x1e, 0xff, 0x2c, 0x27, 0x1e, 0xff, 0x2c, 0x26,
	0x1f, 0xff, 0x2d, 0x27, 0x1f, 0xff, 0x2c, 0x26, 0x1f, 0xff, 0x2c, 0x26,
	0x1f, 0xff, 0x26, 0x21, 0x1b, 0xff, 0x21, 0x1e, 0x23, 0xff, 0x60, 0x56,
	0x4d, 0xff, 0x6f, 0x66, 0x62, 0xcb, 0x6e, 0x66, 0x64, 0xa8, 0x5a, 0x50,
	0x4b, 0xff, 0x30, 0x2c, 0x33, 0xff, 0x1d, 0x1a, 0x17, 0xff, 0x2c, 0x25,
	0x1f, 0xff, 0x2c, 0x25, 0x1f, 0xff, 0x2c, 0x26, 0x1f, 0xff, 0x2c, 0x26,
	0x1e, 0xff, 0x2c, 0x25, 0x1e, 0xff, 0x40, 0x39, 0x34, 0xff, 0x32, 0x2b,
	0x25, 0xff, 0x2d, 0x26, 0x20, 0xff, 0x2c, 0x26, 0x1f, 0xff, 0x2c, 0x26,
	0x20, 0xff, 0x2d, 0x27, 0x1f, 0xff, 0x2d, 0x26, 0x1f, 0xff, 0x2d, 0x26,
	0x1f, 0xff, 0x2d, 0x26, 0x1f, 0xff, 0x2d, 0x26, 0x1f, 0xff, 0x2d, 0x26,
	0x20, 0xff, 0x2d, 0x27, 0x20, 0xff, 0x2d, 0x27, 0x20, 0xff, 0x2d, 0x27,
	0x20, 0xff, 0x2d, 0x27, 0x20, 0xff, 0x2e, 0x27, 0x20, 0xff, 0x2e, 0x28,
	0x20, 0xff, 0x2e, 0x28, 0x20, 0xff, 0x2e, 0x28, 0x20, 0xff, 0x2e, 0x28,
	0x20, 0xff, 0x2e, 0x27, 0x22, 0xff, 0x2e, 0x28, 0x22, 0xff, 0x2e, 0x27,
	0x21, 0xff, 0x2e, 0x27, 0x21, 0xff, 0x2d, 0x27, 0x23, 0xff, 0x2d, 0x27,
	0x23, 0xff, 0x2d, 0x27, 0x24, 0xff, 0x2c, 0x27, 0x27, 0xff, 0x2c, 0x27,
	0x29, 0xff, 0x2b, 0x26, 0x2c, 0xff, 0x2b, 0x26, 0x31, 0xff, 0x2c, 0x27,
	0x3c, 0xff, 0x2a, 0x26, 0x39, 0xff, 0x29, 0x25, 0x2c, 0xff, 0x2a, 0x25,
	0x26, 0xff, 0x2c, 0x26, 0x23, 0xff, 0x2d, 0x27, 0x22, 0xff, 0x2e, 0x28,
	0x22, 0xff, 0x2d, 0x27, 0x1f, 0xff, 0x2d, 0x27, 0x1f, 0xff, 0x2d, 0x27,
	0x1f, 0xff, 0x2d, 0x26, 0x1f, 0xff, 0x40, 0x39, 0x33, 0xff, 0x2c, 0x26,
	0x1f, 0xff, 0x2c, 0x26, 0x1f, 0xff, 0x2c, 0x26, 0x1f, 0xff, 0x2c, 0x26,
	0x1f, 0xff, 0x2d, 0x26, 0x1f, 0xff, 0x2d, 0x27, 0x1f, 0xff, 0x2d, 0x27,
	0x1f, 0xff, 0x2c, 0x26, 0x1f, 0xff, 0x1d, 0x1a, 0x15, 0xff, 0x38, 0x32,
	0x34, 0xff, 0x63, 0x58, 0x50, 0xff, 0x77, 0x6f, 0x6b, 0xa0, 0x83, 0x7d,
	0x7e, 0x68, 0x5b, 0x51, 0x4c, 0xff, 0x50, 0x49, 0x49, 0xff, 0x0e, 0x0c,
	0x0e, 0xff, 0x31, 0x2a, 0x24, 0xff, 0x2c, 0x26, 0x20, 0xff, 0x2d, 0x26,
	0x1f, 0xff, 0x2d, 0x26, 0x1f, 0xff, 0x2c, 0x26, 0x1f, 0xff, 0x2c, 0x25,
	0x20, 0xff, 0x2d, 0x26, 0x20, 0xff, 0x2d, 0x26, 0x20, 0xff, 0x2d, 0x27,
	0x1f, 0xff, 0x2d, 0x27, 0x1f, 0xff, 0x2d, 0x27, 0x20, 0xff, 0x2f, 0x29,
	0x23, 0xff, 0x2d, 0x27, 0x20, 0xff, 0x2d, 0x27, 0x20, 0xff, 0x2d, 0x27,
	0x1f, 0xff, 0x2d, 0x27, 0x1f, 0xff, 0x2f, 0x28, 0x21, 0xff, 0x2f, 0x28,
	0x21, 0xff, 0x38, 0x31, 0x2c, 0xff, 0x2f, 0x28, 0x22, 0xff, 0x2f, 0x28,
	0x21, 0xff, 0x2f, 0x28, 0x21, 0xff, 0x30, 0x28, 0x21, 0xff, 0x30, 0x29,
	0x21, 0xff, 0x30, 0x29, 0x21, 0xff, 0x30, 0x29, 0x22, 0xff, 0x2f, 0x28,
	0x21, 0xff, 0x2f, 0x28, 0x21, 0xff, 0x30, 0x29, 0x21, 0xff, 0x2f, 0x28,
	0x21, 0xff, 0x2e, 0x28, 0x22, 0xff, 0x2e, 0x28, 0x23, 0xff, 0x2d, 0x27,
	0x24, 0xff, 0x2d, 0x27, 0x26, 0xff, 0x2c, 0x27, 0x28, 0xff, 0x2c, 0x27,
	0x2b, 0xff, 0x2c, 0x27, 0x2f, 0xff, 0x2c, 0x28, 0x36, 0xff, 0x2b, 0x27,
	0x2e, 0xff, 0x2b, 0x27, 0x27, 0xff, 0x2c, 0x27, 0x24, 0xff, 0x2d, 0x27,
	0x21, 0xff, 0x2e, 0x27, 0x20, 0xff, 0x2e, 0x28, 0x1f, 0xff, 0x2e, 0x28,
	0x1f, 0xff, 0x2e, 0x28, 0x1f, 0xff, 0x2e, 0x27, 0x1f, 0xff, 0x2e, 0x27,
	0x20, 0xff, 0x2d, 0x27, 0x20, 0xff, 0x2d, 0x27, 0x1f, 0xff, 0x2d, 0x26,
	0x1f, 0xff, 0x2d, 0x26, 0x1f, 0xff, 0x2d, 0x26, 0x20, 0xff, 0x2d, 0x27,
	0x20, 0xff, 0x2d, 0x27, 0x1f, 0xff, 0x31, 0x2a, 0x23, 0xff, 0x0c, 0x0b,
	0x0d, 0xff, 0x59, 0x50, 0x4c, 0xff, 0x64, 0x5a, 0x52, 0xff, 0x93, 0x8c,
	0x8a, 0x5c, 0xb8, 0xb5, 0xbc, 0x13, 0x69, 0x61, 0x5d, 0xf5, 0x62, 0x58,
	0x51, 0xff, 0x23, 0x21, 0x26, 0xff, 0x23, 0x1f, 0x1b, 0xff, 0x2c, 0x26,
	0x20, 0xff, 0x2e, 0x27, 0x22, 0xff, 0x2d, 0x27, 0x21, 0xff, 0x2e, 0x27,
	0x20, 0xff, 0x2e, 0x27, 0x20, 0xff, 0x2e, 0x27, 0x20, 0xff, 0x2e, 0x27,
	0x20, 0xff, 0x2e, 0x27, 0x20, 0xff, 0x2e, 0x27, 0x20, 0xff, 0x2e, 0x27,
	0x20, 0xff, 0x2e, 0x27, 0x20, 0xff, 0x2e, 0x28, 0x20, 0xff, 0x2e, 0x28,
	0x20, 0xff, 0x2e, 0x28, 0x20, 0xff, 0x2e, 0x28, 0x20, 0xff, 0x2f, 0x28,
	0x22, 0xff, 0x30, 0x29, 0x22, 0xff, 0x30, 0x29, 0x22, 0xff, 0x30, 0x28,
	0x23, 0xff, 0x3e, 0x37, 0x31, 0xff, 0x31, 0x29, 0x23, 0xff, 0x31, 0x2a,
	0x22, 0xff, 0x32, 0x2a, 0x23, 0xff, 0x32, 0x2a, 0x23, 0xff, 0x31, 0x2a,
	0x24, 0xff, 0x31, 0x2a, 0x23, 0xff, 0x31, 0x2a, 0x22, 0xff, 0x31, 0x2a,
	0x22, 0xff, 0x30, 0x29, 0x22, 0xff, 0x2f, 0x28, 0x22, 0xff, 0x30, 0x2a,
	0x26, 0xff, 0x2e, 0x28, 0x23, 0xff, 0x2e, 0x28, 0x24, 0xff, 0x2d, 0x28,
	0x26, 0xff, 0x2d, 0x28, 0x28, 0xff, 0x2c, 0x28, 0x2a, 0xff, 0x2c, 0x28,
	0x2d, 0xff, 0x2d, 0x28, 0x2d, 0xff, 0x2c, 0x27, 0x28, 0xff, 0x2d, 0x27,
	0x24, 0xff, 0x2d, 0x28, 0x21, 0xff, 0x2e, 0x28, 0x20, 0xff, 0x2f, 0x28,
	0x20, 0xff, 0x2f, 0x28, 0x1f, 0xff, 0x2f, 0x28, 0x20, 0xff, 0x2e, 0x28,
	0x1f, 0xff, 0x2f, 0x28, 0x20, 0xff, 0x2f, 0x27, 0x20, 0xff, 0x2f, 0x27,
	0x20, 0xff, 0x2f, 0x27, 0x20, 0xff, 0x2e, 0x27, 0x21, 0xff, 0x34, 0x2d,
	0x28, 0xff, 0x2d, 0x27, 0x20, 0xff, 0x2e, 0x27, 0x20, 0xff, 0x20, 0x1d,
	0x19, 0xff, 0x2b, 0x27, 0x2a, 0xff, 0x69, 0x5e, 0x55, 0xff, 0x73, 0x6a,
	0x63, 0xf0, 0xc4, 0xc1, 0xc4, 0x0c, 0x00, 0x00, 0x00, 0x00, 0x83, 0x7b,
	0x78, 0x8a, 0x5f, 0x56, 0x4f, 0xff, 0x57, 0x50, 0x4d, 0xff, 0x0d, 0x0d,
	0x13, 0xff, 0x2b, 0x27, 0x21, 0xff, 0x2d, 0x27, 0x21, 0xff, 0x2e, 0x27,
	0x21, 0xff, 0x2e, 0x28, 0x21, 0xff, 0x2f, 0x28, 0x21, 0xff, 0x2f, 0x28,
	0x20, 0xff, 0x2f, 0x28, 0x21, 0xff, 0x2e, 0x27, 0x21, 0xff, 0x2e, 0x27,
	0x20, 0xff, 0x2f, 0x28, 0x20, 0xff, 0x2f, 0x28, 0x20, 0xff, 0x2f, 0x28,
	0x20, 0xff, 0x2f, 0x28, 0x20, 0xff, 0x2f, 0x28, 0x21, 0xff, 0x2f, 0x29,
	0x21, 0xff, 0x30, 0x29, 0x21, 0xff, 0x31, 0x2a, 0x22, 0xff, 0x31, 0x2a,
	0x23, 0xff, 0x31, 0x29, 0x24, 0xff, 0x32, 0x2a, 0x24, 0xff, 0x32, 0x2b,
	0x24, 0xff, 0x32, 0x2b, 0x23, 0xff, 0x33, 0x2b, 0x24, 0xff, 0x33, 0x2b,
	0x24, 0xff, 0x35, 0x2e, 0x29, 0xff, 0x32, 0x2b, 0x24, 0xff, 0x32, 0x2b,
	0x23, 0xff, 0x32, 0x2b, 0x23, 0xff, 0x31, 0x2a, 0x23, 0xff, 0x31, 0x2a,
	0x23, 0xff, 0x30, 0x29, 0x23, 0xff, 0x30, 0x2a, 0x23, 0xff, 0x2f, 0x29,
	0x23, 0xff, 0x2e, 0x28, 0x24, 0xff, 0x2e, 0x28, 0x26, 0xff, 0x2e, 0x28,
	0x27, 0xff, 0x2d, 0x28, 0x29, 0xff, 0x2f, 0x2a, 0x2c, 0xff, 0x2e, 0x28,
	0x27, 0xff, 0x2e, 0x28, 0x24, 0xff, 0x2e, 0x28, 0x22, 0xff, 0x2f, 0x28,
	0x20, 0xff, 0x2f, 0x28, 0x20, 0xff, 0x2f, 0x28, 0x20, 0xff, 0x2f, 0x28,
	0x20, 0xff, 0x2f, 0x28, 0x20, 0xff, 0x2f, 0x28, 0x20, 0xff, 0x2f, 0x28,
	0x20, 0xff, 0x30, 0x28, 0x20, 0xff, 0x30, 0x28, 0x21, 0xff, 0x2f, 0x28,
	0x21, 0xff, 0x2e, 0x27, 0x21, 0xff, 0x2e, 0x27, 0x20, 0xff, 0x2b, 0x27,
	0x22, 0xff, 0x11, 0x10, 0x15, 0xff, 0x67, 0x5d, 0x58, 0xff, 0x6b, 0x61,
	0x59, 0xff, 0x8e, 0x86, 0x84, 0x80, 0x00, 0x00, 0x00, 0x00, 0x00, 0x00,
	0x00, 0x00, 0xbe, 0xbb, 0xc3, 0x0b, 0x70, 0x68, 0x64, 0xda, 0x62, 0x58,
	0x51, 0xff, 0x53, 0x4c, 0x4a, 0xff, 0x0e, 0x0e, 0x13, 0xff, 0x27, 0x23,
	0x1f, 0xff, 0x35, 0x2f, 0x28, 0xff, 0x30, 0x29, 0x23, 0xff, 0x30, 0x28,
	0x22, 0xff, 0x2f, 0x28, 0x21, 0xff, 0x2f, 0x28, 0x21, 0xff, 0x31, 0x2a,
	0x24, 0xff, 0x2f, 0x28, 0x21, 0xff, 0x2f, 0x28, 0x20, 0xff, 0x2f, 0x28,
	0x21, 0xff, 0x30, 0x28, 0x22, 0xff, 0x30, 0x29, 0x22, 0xff, 0x30, 0x29,
	0x22, 0xff, 0x30, 0x2a, 0x22, 0xff, 0x31, 0x2a, 0x23, 0xff, 0x32, 0x2b,
	0x23, 0xff, 0x32, 0x2b, 0x23, 0xff, 0x33, 0x2b, 0x25, 0xff, 0x33, 0x2c,
	0x25, 0xff, 0x34, 0x2c, 0x24, 0xff, 0x34, 0x2c, 0x25, 0xff, 0x34, 0x2c,
	0x25, 0xff, 0x34, 0x2c, 0x25, 0xff, 0x33, 0x2c, 0x26, 0xff, 0x33, 0x2c,
	0x25, 0xff, 0x33, 0x2c, 0x25, 0xff, 0x33, 0x2c, 0x24, 0xff, 0x32, 0x2c,
	0x24, 0xff, 0x32, 0x2b, 0x24, 0xff, 0x31, 0x2b, 0x23, 0xff, 0x31, 0x2a,
	0x23, 0xff, 0x31, 0x2a, 0x24, 0xff, 0x32, 0x2b, 0x26, 0xff, 0x30, 0x29,
	0x25, 0xff, 0x2f, 0x29, 0x26, 0xff, 0x2f, 0x29, 0x26, 0xff, 0x2f, 0x29,
	0x27, 0xff, 0x2f, 0x28, 0x26, 0xff, 0x2f, 0x28, 0x24, 0xff, 0x2f, 0x28,
	0x23, 0xff, 0x30, 0x29, 0x21, 0xff, 0x30, 0x29, 0x21, 0xff, 0x2f, 0x28,
	0x21, 0xff, 0x2f, 0x28, 0x21, 0xff, 0x30, 0x28, 0x21, 0xff, 0x30, 0x29,
	0x21, 0xff, 0x30, 0x28, 0x21, 0xff, 0x30, 0x28, 0x21, 0xff, 0x31, 0x28,
	0x22, 0xff, 0x31, 0x29, 0x23, 0xff, 0x36, 0x2e, 0x27, 0xff, 0x26, 0x22,
	0x1d, 0xff, 0x11, 0x10, 0x15, 0xff, 0x5f, 0x57, 0x53, 0xff, 0x71, 0x66,
	0x5e, 0xff, 0x85, 0x7b, 0x76, 0xd5, 0xcc, 0xc9, 0xcb, 0x09, 0x00, 0x00,
	0x00, 0x00, 0x00, 0x00, 0x00, 0x00, 0x00, 0x00, 0x00, 0x00, 0xa1, 0x9b,
	0x9d, 0x2a, 0x6f, 0x66, 0x63, 0xec, 0x67, 0x5e, 0x58, 0xff, 0x60, 0x57,
	0x55, 0xff, 0x25, 0x23, 0x29, 0xff, 0x14, 0x13, 0x14, 0xff, 0x28, 0x24,
	0x20, 0xff, 0x32, 0x2c, 0x25, 0xff, 0x37, 0x30, 0x27, 0xff, 0x36, 0x30,
	0x28, 0xff, 0x37, 0x31, 0x28, 0xff, 0x38, 0x31, 0x29, 0xff, 0x39, 0x32,
	0x2a, 0xff, 0x39, 0x33, 0x2a, 0xff, 0x3a, 0x33, 0x2a, 0xff, 0x3a, 0x33,
	0x2a, 0xff, 0x3a, 0x34, 0x2a, 0xff, 0x3a, 0x34, 0x2a, 0xff, 0x3a, 0x34,
	0x2b, 0xff, 0x3b, 0x34, 0x2c, 0xff, 0x3c, 0x35, 0x2d, 0xff, 0x3d, 0x36,
	0x2e, 0xff, 0x3e, 0x37, 0x2e, 0xff, 0x3f, 0x37, 0x2e, 0xff, 0x3f, 0x38,
	0x2f, 0xff, 0x3f, 0x38, 0x2f, 0xff, 0x3f, 0x38, 0x30, 0xff, 0x40, 0x39,
	0x2f, 0xff, 0x40, 0x39, 0x2f, 0xff, 0x40, 0x39, 0x2f, 0xff, 0x40, 0x39,
	0x2f, 0xff, 0x40, 0x38, 0x2f, 0xff, 0x3f, 0x38, 0x2e, 0xff, 0x3d, 0x37,
	0x2e, 0xff, 0x3d, 0x36, 0x2d, 0xff, 0x3c, 0x36, 0x2d, 0xff, 0x3b, 0x35,
	0x2d, 0xff, 0x3a, 0x34, 0x2d, 0xff, 0x3a, 0x34, 0x2d, 0xff, 0x3a, 0x34,
	0x2d, 0xff, 0x3a, 0x33, 0x2d, 0xff, 0x39, 0x33, 0x2c, 0xff, 0x3a, 0x33,
	0x2c, 0xff, 0x39, 0x33, 0x2b, 0xff, 0x39, 0x33, 0x2a, 0xff, 0x3a, 0x33,
	0x2a, 0xff, 0x39, 0x33, 0x2a, 0xff, 0x39, 0x32, 0x29, 0xff, 0x39, 0x32,
	0x29, 0xff, 0x39, 0x32, 0x29, 0xff, 0x39, 0x32, 0x28, 0xff, 0x3a, 0x32,
	0x29, 0xff, 0x36, 0x2e, 0x28, 0xff, 0x2b, 0x26, 0x20, 0xff, 0x14, 0x12,
	0x13, 0xff, 0x2c, 0x28, 0x2b, 0xff, 0x6c, 0x61, 0x5c, 0xff, 0x72, 0x67,
	0x5e, 0xff, 0x7f, 0x74, 0x6e, 0xe9, 0xb8, 0xb1, 0xaf, 0x27, 0x00, 0x00,
	0x00, 0x00, 0x00, 0x00, 0x00, 0x00, 0x00, 0x00, 0x00, 0x00, 0x00, 0x00,
	0x00, 0x00, 0x00, 0x00, 0x00, 0x00, 0xaa, 0xa4, 0xa7, 0x29, 0x7c, 0x75,
	0x72, 0xda, 0x6d, 0x64, 0x5d, 0xff, 0x70, 0x66, 0x5f, 0xff, 0x58, 0x51,
	0x4e, 0xff, 0x30, 0x2c, 0x2e, 0xff, 0x17, 0x16, 0x19, 0xff, 0x0b, 0x0b,
	0x0f, 0xff, 0x0b, 0x0b, 0x0f, 0xff, 0x0c, 0x0b, 0x10, 0xff, 0x0c, 0x0c,
	0x11, 0xff, 0x0c, 0x0c, 0x11, 0xff, 0x0c, 0x0c, 0x11, 0xff, 0x0c, 0x0c,
	0x11, 0xff, 0x0c, 0x0c, 0x12, 0xff, 0x0c, 0x0c, 0x12, 0xff, 0x0c, 0x0c,
	0x14, 0xff, 0x0d, 0x0d, 0x15, 0xff, 0x0d, 0x0d, 0x16, 0xff, 0x0e, 0x0e,
	0x17, 0xff, 0x0e, 0x0e, 0x18, 0xff, 0x0e, 0x0e, 0x19, 0xff, 0x0f, 0x0e,
	0x1b, 0xff, 0x0f, 0x0f, 0x1d, 0xff, 0x0f, 0x0f, 0x1e, 0xff, 0x0f, 0x0f,
	0x20, 0xff, 0x10, 0x0f, 0x21, 0xff, 0x10, 0x0f, 0x21, 0xff, 0x10, 0x0f,
	0x21, 0xff, 0x0f, 0x0f, 0x21, 0xff, 0x0f, 0x0f, 0x21, 0xff, 0x0f, 0x0f,
	0x21, 0xff, 0x0f, 0x0f, 0x20, 0xff, 0x0e, 0x0f, 0x1f, 0xff, 0x0e, 0x0e,
	0x1d, 0xff, 0x0e, 0x0e, 0x1c, 0xff, 0x0e, 0x0e, 0x1b, 0xff, 0x0e, 0x0e,
	0x19, 0xff, 0x0e, 0x0d, 0x18, 0xff, 0x0e, 0x0d, 0x17, 0xff, 0x0e, 0x0d,
	0x16, 0xff, 0x0e, 0x0d, 0x16, 0xff, 0x0e, 0x0d, 0x14, 0xff, 0x0d, 0x0d,
	0x13, 0xff, 0x0d, 0x0d, 0x13, 0xff, 0x0d, 0x0c, 0x12, 0xff, 0x0d, 0x0c,
	0x12, 0xff, 0x0c, 0x0c, 0x11, 0xff, 0x0c, 0x0b, 0x10, 0xff, 0x0b, 0x0a,
	0x0f, 0xff, 0x0d, 0x0d, 0x11, 0xff, 0x1b, 0x19, 0x1d, 0xff, 0x39, 0x34,
	0x36, 0xff, 0x65, 0x5d, 0x5a, 0xff, 0x7d, 0x71, 0x69, 0xff, 0x7b, 0x6e,
	0x66, 0xff, 0x8b, 0x81, 0x7c, 0xd7, 0xb9, 0xb2, 0xaf, 0x26, 0x00, 0x00,
	0x00, 0x00, 0x00, 0x00, 0x00, 0x00, 0x00, 0x00, 0x00, 0x00, 0x00, 0x00,
	0x00, 0x00, 0x00, 0x00, 0x00, 0x00, 0x00, 0x00, 0x00, 0x00, 0x00, 0x00,
	0x00, 0x00, 0xd2, 0xce, 0xd2, 0x0d, 0x92, 0x8a, 0x88, 0x90, 0x78, 0x6f,
	0x69, 0xf8, 0x6e, 0x64, 0x5b, 0xff, 0x70, 0x65, 0x5c, 0xff, 0x71, 0x66,
	0x5d, 0xff, 0x74, 0x6a, 0x62, 0xff, 0x77, 0x6d, 0x65, 0xff, 0x79, 0x6f,
	0x66, 0xff, 0x7b, 0x70, 0x68, 0xff, 0x7e, 0x72, 0x6a, 0xff, 0x80, 0x74,
	0x6c, 0xff, 0x82, 0x76, 0x6e, 0xff, 0x85, 0x78, 0x71, 0xff, 0x89, 0x7c,
	0x75, 0xff, 0x8c, 0x7f, 0x78, 0xff, 0x8f, 0x83, 0x7b, 0xff, 0x92, 0x86,
	0x7f, 0xff, 0x96, 0x8a, 0x83, 0xff, 0x99, 0x8d, 0x86, 0xff, 0x9a, 0x8f,
	0x88, 0xff, 0x9d, 0x92, 0x8b, 0xff, 0x9f, 0x94, 0x8d, 0xff, 0xa1, 0x96,
	0x90, 0xff, 0xa3, 0x98, 0x92, 0xff, 0xa4, 0x99, 0x94, 0xff, 0xa5, 0x99,
	0x95, 0xff, 0xa5, 0x9a, 0x96, 0xff, 0xa5, 0x99, 0x96, 0xff, 0xa5, 0x99,
	0x96, 0xff, 0xa4, 0x99, 0x95, 0xff, 0xa3, 0x98, 0x93, 0xff, 0xa2, 0x96,
	0x91, 0xff, 0xa1, 0x95, 0x8f, 0xff, 0x9f, 0x94, 0x8d, 0xff, 0x9d, 0x92,
	0x8b, 0xff, 0x9b, 0x90, 0x88, 0xff, 0x99, 0x8e, 0x86, 0xff, 0x97, 0x8b,
	0x83, 0xff, 0x94, 0x88, 0x7f, 0xff, 0x92, 0x85, 0x7d, 0xff, 0x8f, 0x81,
	0x7a, 0xff, 0x8c, 0x7f, 0x78, 0xff, 0x8a, 0x7d, 0x75, 0xff, 0x87, 0x7b,
	0x73, 0xff, 0x84, 0x78, 0x71, 0xff, 0x82, 0x76, 0x6f, 0xff, 0x80, 0x74,
	0x6d, 0xff, 0x7f, 0x73, 0x6c, 0xff, 0x7e, 0x71, 0x6a, 0xff, 0x7c, 0x70,
	0x66, 0xff, 0x7b, 0x6f, 0x65, 0xff, 0x7b, 0x70, 0x66, 0xff, 0x8a, 0x7f,
	0x79, 0xf7, 0xa5, 0x9d, 0x98, 0x8e, 0xdc, 0xd9, 0xd4, 0x0c, 0x00, 0x00,
	0x00, 0x00, 0x00, 0x00, 0x00, 0x00, 0x00, 0x00, 0x00, 0x00, 0x00, 0x00,
	0x00, 0x00, 0x00, 0x00, 0x00, 0x00, 0x00, 0x00, 0x00, 0x00, 0x00, 0x00,
	0x00, 0x00, 0x00, 0x00, 0x00, 0x00, 0x00, 0x00, 0x00, 0x00, 0x00, 0x00,
	0x00, 0x00, 0xc7, 0xc0, 0xc2, 0x17, 0x97, 0x8f, 0x8d, 0x6e, 0x89, 0x81,
	0x7d, 0xb1, 0x87, 0x7e, 0x79, 0xd9, 0x87, 0x7e, 0x79, 0xea, 0x88, 0x7f,
	0x79, 0xec, 0x8a, 0x81, 0x7a, 0xec, 0x8c, 0x82, 0x7b, 0xeb, 0x8f, 0x84,
	0x7d, 0xeb, 0x91, 0x86, 0x7f, 0xea, 0x94, 0x88, 0x82, 0xeb, 0x97, 0x8c,
	0x85, 0xeb, 0x9b, 0x8f, 0x89, 0xeb, 0x9e, 0x93, 0x8d, 0xec, 0xa1, 0x96,
	0x90, 0xec, 0xa4, 0x99, 0x93, 0xec, 0xa6, 0x9b, 0x95, 0xeb, 0xa8, 0x9d,
	0x98, 0xec, 0xaa, 0xa0, 0x9a, 0xec, 0xac, 0xa2, 0x9d, 0xec, 0xae, 0xa4,
	0x9f, 0xec, 0xb1, 0xa7, 0xa2, 0xec, 0xb2, 0xa8, 0xa4, 0xee, 0xb3, 0xa9,
	0xa5, 0xed, 0xb3, 0xa9, 0xa5, 0xef, 0xb3, 0xa9, 0xa6, 0xef, 0xb4, 0xa9,
	0xa6, 0xed, 0xb4, 0xa9, 0xa6, 0xed, 0xb3, 0xa8, 0xa5, 0xee, 0xb2, 0xa8,
	0xa4, 0xef, 0xb2, 0xa7, 0xa3, 0xef, 0xb1, 0xa7, 0xa2, 0xf0, 0xb0, 0xa6,
	0xa1, 0xed, 0xae, 0xa4, 0x9e, 0xed, 0xac, 0xa1, 0x9c, 0xec, 0xa9, 0x9f,
	0x99, 0xec, 0xa7, 0x9c, 0x96, 0xeb, 0xa5, 0x9a, 0x93, 0xec, 0xa2, 0x97,
	0x90, 0xeb, 0xa1, 0x95, 0x8e, 0xec, 0x9e, 0x92, 0x8b, 0xec, 0x9b, 0x90,
	0x89, 0xec, 0x99, 0x8e, 0x87, 0xeb, 0x97, 0x8c, 0x85, 0xeb, 0x95, 0x8a,
	0x84, 0xec, 0x94, 0x89, 0x82, 0xec, 0x91, 0x87, 0x80, 0xec, 0x8f, 0x84,
	0x7e, 0xea, 0x8e, 0x83, 0x7d, 0xd9, 0x93, 0x89, 0x83, 0xb2, 0xa4, 0x9b,
	0x96, 0x6d, 0xd2, 0xce, 0xcc, 0x15, 0x00, 0x00, 0x00, 0x00, 0x00, 0x00,
	0x00, 0x00, 0x00, 0x00, 0x00, 0x00, 0x00, 0x00, 0x00, 0x00, 0x00, 0x00,
	0x00, 0x00, 0x00, 0x00, 0x00, 0x00,
};
